rollout/ep_rew_mean,rollout/ep_len_mean,time/episodes,time/fps,time/time_elapsed,time/total_timesteps,train/learning_rate,train/n_updates,train/actor_loss,train/ent_coef_loss,train/critic_loss,train/ent_coef,eval/mean_ep_length,eval/mean_reward
-10611.083749000001,500.0,4,2006,1,4000,,,,,,,,
-10611.083749000001,500.0,8,2005,1,4000,,,,,,,,
-10561.214401187499,500.0,12,1986,4,8000,,,,,,,,
-10561.214401187499,500.0,16,1986,4,8000,,,,,,,,
-12031.143573249998,500.0,20,1297,9,12000,0.0003,200,24.965936393737792,-0.08064175724983215,2859.4760791015624,0.9497758853435516,,
-12031.143573249998,500.0,24,1297,9,12000,,,,,,,,
-8221.567238,500.0,28,874,18,16000,0.0003,700,51.7139892578125,-0.08756416529417038,703.2124145507812,0.8558077275753021,,
-8221.567238,500.0,32,874,18,16000,,,,,,,,
-4853.2583714,500.0,36,732,27,20000,0.0003,1200,29.273560729026794,-0.07274713024497031,659.3613446044922,0.7986880087852478,,
-4853.2583714,500.0,40,732,27,20000,,,,,,,,
-2485.6640624583333,500.0,44,661,36,24000,0.0003,1700,-2.159826707839966,-0.022989739682525396,1066.1242645263671,0.7658182072639466,,
-2485.6640624583333,500.0,48,661,36,24000,,,,,,,,
-408.52207710714276,500.0,52,617,45,28000,0.0003,2200,-53.117382774353025,0.0008479938469827175,1448.8870886230468,0.7549112701416015,,
-408.52207710714276,500.0,56,617,45,28000,,,,,,,,
726.4221514687501,500.0,60,588,54,32000,0.0003,2700,-112.71776336669922,0.02149894108995795,1673.8183435058593,0.7685105466842651,,
726.4221514687501,500.0,64,588,54,32000,,,,,,,,
1490.4407072361112,500.0,68,566,63,36000,0.0003,3200,-171.86900177001954,-0.007094148276373744,1801.1966381835937,0.7740633630752564,,
1490.4407072361112,500.0,72,566,63,36000,,,,,,,,
2155.1853562124998,500.0,76,551,72,40000,0.0003,3700,-230.35204833984375,-0.04161676309071481,1807.6243481445313,0.7301755523681641,,
2155.1853562124998,500.0,80,551,72,40000,,,,,,,,
3125.7230700340906,500.0,84,538,81,44000,0.0003,4200,-281.27806732177737,-0.07583960378542542,1756.0991577148438,0.6558844351768494,,
3125.7230700340906,500.0,88,538,81,44000,,,,,,,,
3796.7285168958333,500.0,92,529,90,48000,0.0003,4700,-342.3602362060547,-0.03379615714773536,1694.7503259277344,0.6057360208034516,,
3796.7285168958333,500.0,96,529,90,48000,,,,,,,,
4785.66724121,500.0,100,521,99,52000,0.0003,5200,-389.94471618652346,-0.06025438201613724,1733.6241613769532,0.5627212715148926,,
4785.66724121,500.0,104,521,99,52000,,,,,,,,
6229.617449850001,500.0,108,515,108,56000,0.0003,5700,-440.9425616455078,-0.02933438425883651,1557.0003723144532,0.5224664568901062,,
6229.617449850001,500.0,112,515,108,56000,,,,,,,,
8098.02878801,500.0,116,509,117,60000,0.0003,6200,-494.0485650634766,-0.044048836641013625,1510.9846496582031,0.48766885995864867,,
8098.02878801,500.0,120,509,117,60000,,,,,,,,
9380.02371896,500.0,124,504,126,64000,0.0003,6700,-540.0383227539063,-0.06883524080738425,1617.1177056884765,0.4558637201786041,,
9380.02371896,500.0,128,504,126,64000,,,,,,,,
9500.044847049998,500.0,132,500,135,68000,0.0003,7200,-586.0191235351563,-0.05636120455339551,1440.2761572265624,0.4172824507951736,,
9500.044847049998,500.0,136,500,135,68000,,,,,,,,
10001.33012985,500.0,140,496,144,72000,0.0003,7700,-630.0204833984375,0.01068597573786974,1249.5156372070312,0.39669745922088623,,
10001.33012985,500.0,144,496,144,72000,,,,,,,,
10254.84771135,500.0,148,494,153,76000,0.0003,8200,-677.1006579589844,0.02320751553401351,1199.6658520507813,0.40270000040531156,,
10254.84771135,500.0,152,494,153,76000,,,,,,,,
,,,,,80000,0.0003,8700,-722.4801342773437,0.01707009918987751,1170.964896850586,0.41331331491470336,500.0,9467.369741400002
10433.76126628,500.0,156,478,167,80000,,,,,,,,
10433.76126628,500.0,160,478,167,80000,,,,,,,,
10656.34089585,500.0,164,476,176,84000,0.0003,9200,-757.8120227050781,0.04426110433414578,1138.7968017578125,0.4353731006383896,,
10656.34089585,500.0,168,476,176,84000,,,,,,,,
10799.47901485,500.0,172,475,185,88000,0.0003,9700,-800.6691015625,0.05733759829774499,1080.6586206054687,0.46732218742370607,,
10799.47901485,500.0,176,475,185,88000,,,,,,,,
10656.255105089997,500.0,180,473,194,92000,0.0003,10200,-840.6552111816407,0.02905474473722279,1059.1842102050782,0.5016849160194397,,
10656.255105089997,500.0,184,473,194,92000,,,,,,,,
10308.76986076,500.0,188,472,203,96000,0.0003,10700,-878.5690051269531,0.017913712216541172,989.2026287841796,0.5324580359458924,,
10308.76986076,500.0,192,472,203,96000,,,,,,,,
10191.232949309999,500.0,196,471,212,100000,0.0003,11200,-919.5860473632813,-0.01633393065072596,827.6811798095703,0.5463659906387329,,
10191.232949309999,500.0,200,471,212,100000,,,,,,,,
10136.471737349999,500.0,204,469,221,104000,0.0003,11700,-950.3400134277343,0.005256395675241947,838.791826171875,0.5684148859977722,,
10136.471737349999,500.0,208,469,221,104000,,,,,,,,
10195.500936809998,500.0,212,468,230,108000,0.0003,12200,-983.933994140625,0.010480648670345545,891.3106777954101,0.5711935985088349,,
10195.500936809998,500.0,216,468,230,108000,,,,,,,,
10185.566928569999,500.0,220,468,239,112000,0.0003,12700,-1015.5395495605469,-0.022162263225764037,879.9466220092773,0.5622106122970582,,
10185.566928569999,500.0,224,468,239,112000,,,,,,,,
10218.657871689999,500.0,228,467,248,116000,0.0003,13200,-1046.4509155273438,-0.0027493952587246896,815.0134436035156,0.5599334537982941,,
10218.657871689999,500.0,232,467,248,116000,,,,,,,,
10080.50383561,500.0,236,466,257,120000,0.0003,13700,-1073.55431640625,0.006162242898717522,736.5671731567382,0.5586130702495575,,
10080.50383561,500.0,240,466,257,120000,,,,,,,,
10047.626098240002,500.0,244,465,266,124000,0.0003,14200,-1105.5021337890626,0.0023435503616929055,745.2657363891601,0.5587453365325927,,
10047.626098240002,500.0,248,465,266,124000,,,,,,,,
10075.90051726,500.0,252,464,275,128000,0.0003,14700,-1133.6516796875,0.019666382381692528,778.8572485351563,0.5672251498699188,,
10075.90051726,500.0,256,464,275,128000,,,,,,,,
10110.593502349999,500.0,260,463,284,132000,0.0003,15200,-1167.3369067382812,0.012912683757022023,722.5307305908203,0.5908171892166137,,
10110.593502349999,500.0,264,463,284,132000,,,,,,,,
10286.3169517,500.0,268,463,293,136000,0.0003,15700,-1195.3439721679688,0.009755644463002682,811.2879577636719,0.6078923046588898,,
10286.3169517,500.0,272,463,293,136000,,,,,,,,
10409.836666230001,500.0,276,462,302,140000,0.0003,16200,-1226.6622143554687,0.0066095228306949135,709.4263040161132,0.6256184840202331,,
10409.836666230001,500.0,280,462,302,140000,,,,,,,,
10549.140126530001,500.0,284,462,311,144000,0.0003,16700,-1254.2262255859375,0.00704119295347482,781.8720297241211,0.6377216446399688,,
10549.140126530001,500.0,288,462,311,144000,,,,,,,,
10770.79719261,500.0,292,461,320,148000,0.0003,17200,-1277.295888671875,0.0053915896685794,820.7130075073242,0.647134187221527,,
10770.79719261,500.0,296,461,320,148000,,,,,,,,
10939.28244222,500.0,300,461,329,152000,0.0003,17700,-1302.7355346679688,0.018978186203166842,828.1502044677734,0.6674273478984832,,
10939.28244222,500.0,304,461,329,152000,,,,,,,,
11065.355668650001,500.0,308,460,338,156000,0.0003,18200,-1331.6849536132813,0.007165521485731006,679.0932354736328,0.6938852477073669,,
11065.355668650001,500.0,312,460,338,156000,,,,,,,,
,,,,,160000,0.0003,18700,-1358.9904296875,0.002638602443039417,635.3433804321289,0.7183745980262757,500.0,10491.871336399998
11287.004452740002,500.0,316,455,351,160000,,,,,,,,
11287.004452740002,500.0,320,455,351,160000,,,,,,,,
11579.468871300001,500.0,324,454,360,164000,0.0003,19200,-1386.0597802734376,0.007441019359976053,570.1911434936524,0.7405710959434509,,
11579.468871300001,500.0,328,454,360,164000,,,,,,,,
11921.580904969998,500.0,332,454,369,168000,0.0003,19700,-1410.72625,0.0012031486816704274,565.7428021240235,0.7723454141616821,,
11921.580904969998,500.0,336,454,369,168000,,,,,,,,
12033.832553889999,500.0,340,454,378,172000,0.0003,20200,-1436.0780053710937,-0.002855863170698285,587.7437002563477,0.7872668612003326,,
12033.832553889999,500.0,344,453,378,172000,,,,,,,,
12135.266213420004,500.0,348,453,387,176000,0.0003,20700,-1462.9837866210937,0.005106258522719145,635.0849163818359,0.8043434965610504,,
12135.266213420004,500.0,352,453,387,176000,,,,,,,,
12187.69910469,500.0,356,453,396,180000,0.0003,21200,-1487.2954077148438,0.004350315220654011,676.612734375,0.8515164995193482,,
12187.69910469,500.0,360,453,396,180000,,,,,,,,
12426.23027442,500.0,364,453,405,184000,0.0003,21700,-1514.5098583984375,0.00435597262578085,540.7280285644531,0.9049638211727142,,
12426.23027442,500.0,368,453,405,184000,,,,,,,,
12542.016399429996,500.0,372,453,414,188000,0.0003,22200,-1543.4183764648437,0.001165216257213615,583.5992138671875,0.9777957940101624,,
12542.016399429996,500.0,376,453,414,188000,,,,,,,,
12947.966647299998,500.0,380,453,423,192000,0.0003,22700,-1569.1036083984375,-0.0027381641045212744,626.2956726074219,1.0632926106452942,,
12947.966647299998,500.0,384,453,423,192000,,,,,,,,
13282.2045355,500.0,388,453,432,196000,0.0003,23200,-1592.2286108398437,-0.003321572202257812,635.1459295654297,1.1523957633972168,,
13282.2045355,500.0,392,453,432,196000,,,,,,,,
13644.06751003,500.0,396,452,441,200000,0.0003,23700,-1618.7968139648438,-0.0075406739907339215,641.8880419921875,1.2082318997383117,,
13644.06751003,500.0,400,452,441,200000,,,,,,,,
13928.814587619998,500.0,404,452,450,204000,0.0003,24200,-1641.560009765625,-0.01269474159926176,641.6005877685546,1.2769410181045533,,
13928.814587619998,500.0,408,452,450,204000,,,,,,,,
14014.06620642,500.0,412,452,459,208000,0.0003,24700,-1668.9635229492187,-0.012960116183385252,609.1283697509766,1.3401248741149903,,
14014.06620642,500.0,416,452,459,208000,,,,,,,,
14231.649851229999,500.0,420,452,468,212000,0.0003,25200,-1694.5960693359375,0.0013921970780938864,574.3101116943359,1.3925633239746094,,
14231.649851229999,500.0,424,452,468,212000,,,,,,,,
14379.322925470002,500.0,428,452,477,216000,0.0003,25700,-1719.21927734375,-0.006571300104260444,586.8152618408203,1.4123050522804261,,
14379.322925470002,500.0,432,452,477,216000,,,,,,,,
14386.841587390001,500.0,436,452,486,220000,0.0003,26200,-1740.9627099609374,-0.008188702305778861,568.349408569336,1.4559237694740295,,
14386.841587390001,500.0,440,452,486,220000,,,,,,,,
14476.550876590001,500.0,444,452,495,224000,0.0003,26700,-1769.4123315429688,0.00036861932836472987,640.0776666259766,1.5050018906593323,,
14476.550876590001,500.0,448,452,495,224000,,,,,,,,
14535.258299490002,500.0,452,451,504,228000,0.0003,27200,-1789.8899633789063,0.0011919925455003977,673.7691854858399,1.5223243188858033,,
14535.258299490002,500.0,456,451,504,228000,,,,,,,,
14632.58730032,500.0,460,451,513,232000,0.0003,27700,-1815.980087890625,-0.0027434299606829884,657.5538189697265,1.5473350310325622,,
14632.58730032,500.0,464,451,513,232000,,,,,,,,
14651.49434641,500.0,468,451,522,236000,0.0003,28200,-1843.2525439453125,-0.003024054802954197,669.7740734863281,1.5775173091888428,,
14651.49434641,500.0,472,451,522,236000,,,,,,,,
,,,,,240000,0.0003,28700,-1857.2347705078125,-0.0022259612753987314,680.9923486328125,1.6304104399681092,500.0,14322.3264494
14691.077179590002,500.0,476,447,535,240000,,,,,,,,
14691.077179590002,500.0,480,447,535,240000,,,,,,,,
14651.761481930002,500.0,484,448,544,244000,0.0003,29200,-1890.6151684570314,-0.010275206109508873,695.4432312011719,1.665804853439331,,
14651.761481930002,500.0,488,448,544,244000,,,,,,,,
14551.337618189998,500.0,492,447,553,248000,0.0003,29700,-1908.2377954101562,-0.008345967568457126,628.289873046875,1.706066837310791,,
14551.337618189998,500.0,496,447,553,248000,,,,,,,,
14517.26587996,500.0,500,447,562,252000,0.0003,30200,-1928.3996142578126,-0.0036292989086359737,622.6147088623047,1.7307472252845764,,
14517.26587996,500.0,504,447,562,252000,,,,,,,,
14503.999243829998,500.0,508,447,571,256000,0.0003,30700,-1949.4538598632812,-0.0023811750113964083,593.0525341796875,1.7465616369247436,,
14503.999243829998,500.0,512,447,571,256000,,,,,,,,
14546.374814919996,500.0,516,447,580,260000,0.0003,31200,-1967.2333618164062,0.006484228121116757,602.7888586425781,1.7463481998443604,,
14546.374814919996,500.0,520,447,580,260000,,,,,,,,
14620.989737719998,500.0,524,447,589,264000,0.0003,31700,-1986.5192016601563,-0.01225787928327918,675.678720703125,1.787816002368927,,
14620.989737719998,500.0,528,447,589,264000,,,,,,,,
14556.047469239998,500.0,532,448,598,268000,0.0003,32200,-2006.42208984375,0.0008508868608623744,686.1598803710938,1.842105326652527,,
14556.047469239998,500.0,536,448,598,268000,,,,,,,,
14514.293301669999,500.0,540,448,606,272000,0.0003,32700,-2029.9936376953126,-0.007107218205928803,630.490708618164,1.8496321177482604,,
14514.293301669999,500.0,544,448,606,272000,,,,,,,,
14423.232964710001,500.0,548,448,615,276000,0.0003,33200,-2048.116220703125,-0.010356086678802967,574.5270568847657,1.865475959777832,,
14423.232964710001,500.0,552,448,615,276000,,,,,,,,
14483.712190190003,500.0,556,448,623,280000,0.0003,33700,-2066.0130859375,0.002694333661347628,596.9250109863282,1.8962066602706908,,
14483.712190190003,500.0,560,448,623,280000,,,,,,,,
14570.364770499998,500.0,564,449,632,284000,0.0003,34200,-2081.3037622070315,0.0073697719350457195,559.7474645996094,1.9194176745414735,,
14570.364770499998,500.0,568,449,632,284000,,,,,,,,
14522.711836319997,500.0,572,449,640,288000,0.0003,34700,-2101.0665478515625,-0.015515293087810278,570.3767114257812,1.9701745843887328,,
14522.711836319997,500.0,576,449,640,288000,,,,,,,,
14467.689314940002,500.0,580,449,649,292000,0.0003,35200,-2120.7495654296877,-0.016059897849336268,575.5285028076172,2.0165352773666383,,
14467.689314940002,500.0,584,449,649,292000,,,,,,,,
14459.314068090001,500.0,588,450,657,296000,0.0003,35700,-2135.983955078125,-0.001691602971404791,544.1743646240234,2.056860799789429,,
14459.314068090001,500.0,592,450,657,296000,,,,,,,,
14587.8887871,500.0,596,450,665,300000,0.0003,36200,-2150.5110205078126,0.0016278714314103126,610.2092535400391,2.0659103536605836,,
14587.8887871,500.0,600,450,665,300000,,,,,,,,
14627.89860152,500.0,604,450,674,304000,0.0003,36700,-2176.7538427734376,0.010118952933698893,569.7193902587891,2.060657935142517,,
14627.89860152,500.0,608,450,674,304000,,,,,,,,
14682.94245804,500.0,612,451,682,308000,0.0003,37200,-2196.1984814453126,-0.0023859450314193966,441.4011151123047,2.043782181739807,,
14682.94245804,500.0,616,451,682,308000,,,,,,,,
14627.841321749998,500.0,620,451,691,312000,0.0003,37700,-2220.6948876953124,-0.013429486053064465,372.99918060302736,2.0364081382751467,,
14627.841321749998,500.0,624,451,691,312000,,,,,,,,
14628.0030502,500.0,628,451,699,316000,0.0003,38200,-2243.1420751953124,-0.004615821051411331,361.0715270996094,2.0412313175201415,,
14628.0030502,500.0,632,451,699,316000,,,,,,,,
,,,,,320000,0.0003,38700,-2260.505791015625,-0.015261368993669748,385.4472845458984,2.08469162940979,500.0,15417.0001326
14715.376522629998,500.0,636,449,712,320000,,,,,,,,
14715.376522629998,500.0,640,449,712,320000,,,,,,,,
14777.6129069,500.0,644,449,720,324000,0.0003,39200,-2277.470146484375,-0.013258710652589798,377.88282958984377,2.1539876651763916,,
14777.6129069,500.0,648,449,720,324000,,,,,,,,
14721.02686295,500.0,652,449,728,328000,0.0003,39700,-2285.705771484375,-0.013642849549651146,370.70311157226564,2.2304779386520384,,
14721.02686295,500.0,656,449,728,328000,,,,,,,,
14634.589209099997,500.0,660,450,737,332000,0.0003,40200,-2303.2438818359374,-0.012960431426763534,369.6830773925781,2.294359998703003,,
14634.589209099997,500.0,664,450,737,332000,,,,,,,,
14710.42353974,500.0,668,450,746,336000,0.0003,40700,-2320.0096630859375,-0.010644456455484032,394.6138629150391,2.3522044801712036,,
14710.42353974,500.0,672,450,746,336000,,,,,,,,
14767.327966909997,500.0,676,450,754,340000,0.0003,41200,-2332.4941455078124,0.002107332032173872,363.8031750488281,2.400799822807312,,
14767.327966909997,500.0,680,450,754,340000,,,,,,,,
14898.346311169998,500.0,684,450,763,344000,0.0003,41700,-2350.9037255859375,-0.022317837574519217,376.26567321777344,2.422158842086792,,
14898.346311169998,500.0,688,450,763,344000,,,,,,,,
14821.411163630004,500.0,692,450,771,348000,0.0003,42200,-2357.29501953125,-0.011464091595262288,379.88144927978516,2.4491603326797486,,
14821.411163630004,500.0,696,450,771,348000,,,,,,,,
14821.905759020003,500.0,700,451,780,352000,0.0003,42700,-2373.2284130859375,-0.017502776235342025,355.4589196777344,2.4900307703018187,,
14821.905759020003,500.0,704,451,780,352000,,,,,,,,
14833.500793990002,500.0,708,451,788,356000,0.0003,43200,-2382.769580078125,-0.0020785538479685785,363.3194033813477,2.53450110912323,,
14833.500793990002,500.0,712,451,788,356000,,,,,,,,
14799.166067809998,500.0,716,451,797,360000,0.0003,43700,-2401.760439453125,-0.011320544499903917,361.4435754394531,2.5788394355773927,,
14799.166067809998,500.0,720,451,797,360000,,,,,,,,
14802.19781457,500.0,724,451,805,364000,0.0003,44200,-2406.8802587890623,-0.009823388699442149,391.61343475341795,2.632737717628479,,
14802.19781457,500.0,728,451,805,364000,,,,,,,,
14848.683560460002,500.0,732,451,814,368000,0.0003,44700,-2427.372431640625,-0.022931449823081495,376.45206176757813,2.6472445583343505,,
14848.683560460002,500.0,736,451,814,368000,,,,,,,,
14911.911291620001,500.0,740,452,822,372000,0.0003,45200,-2434.8145263671877,0.01795834854245186,388.34021362304685,2.6452697992324827,,
14911.911291620001,500.0,744,452,822,372000,,,,,,,,
14950.081291539993,500.0,748,452,831,376000,0.0003,45700,-2441.263837890625,0.0008853535912930966,376.9315185546875,2.6818908500671386,,
14950.081291539993,500.0,752,452,831,376000,,,,,,,,
14975.57655483,500.0,756,452,839,380000,0.0003,46200,-2453.0053271484376,-0.010553970597684384,368.330627746582,2.715124011039734,,
14975.57655483,500.0,760,452,839,380000,,,,,,,,
15008.013508209999,500.0,764,452,848,384000,0.0003,46700,-2464.5429541015624,0.00021909711882472037,387.97680419921875,2.705791435241699,,
15008.013508209999,500.0,768,452,848,384000,,,,,,,,
14985.7495181,500.0,772,452,856,388000,0.0003,47200,-2475.95849609375,-0.009076931085437535,374.2475427246094,2.7435420465469362,,
14985.7495181,500.0,776,452,856,388000,,,,,,,,
14921.473245120002,500.0,780,452,865,392000,0.0003,47700,-2487.2007861328125,0.008519575409591197,364.11273895263673,2.7700059843063354,,
14921.473245120002,500.0,784,452,865,392000,,,,,,,,
15068.83839802,500.0,788,453,874,396000,0.0003,48200,-2503.22724609375,-0.010973905324935912,345.22746002197266,2.753569416999817,,
15068.83839802,500.0,792,453,874,396000,,,,,,,,
,,,,,400000,0.0003,48700,-2509.846748046875,0.011838363502174615,354.4481607055664,2.738292164802551,500.0,15753.771329399999
14902.33135557,500.0,796,451,886,400000,,,,,,,,
14902.33135557,500.0,800,451,886,400000,,,,,,,,
14859.714571679999,500.0,804,451,894,404000,0.0003,49200,-2520.5528564453125,-0.004411097597330809,375.2144744873047,2.712715187072754,,
14859.714571679999,500.0,808,451,894,404000,,,,,,,,
14855.30146445,500.0,812,451,903,408000,0.0003,49700,-2532.2169921875,0.009156141141429543,376.323610534668,2.6542575311660768,,
14855.30146445,500.0,816,451,903,408000,,,,,,,,
14977.649766859997,500.0,820,451,911,412000,0.0003,50200,-2545.977578125,0.004037674479186535,379.3642544555664,2.6295704889297484,,
14977.649766859997,500.0,824,451,911,412000,,,,,,,,
14853.518958979996,500.0,828,451,920,416000,0.0003,50700,-2554.6312548828123,-0.003316706642508507,381.0879235839844,2.5924991464614866,,
14853.518958979996,500.0,832,451,920,416000,,,,,,,,
14917.114564619998,500.0,836,452,928,420000,0.0003,51200,-2563.5004833984376,0.0027587993256747725,382.16977355957033,2.534218397140503,,
14917.114564619998,500.0,840,452,929,420000,,,,,,,,
14888.11102605,500.0,844,452,937,424000,0.0003,51700,-2580.8890283203127,0.01889269696548581,420.96387786865233,2.4993358516693114,,
14888.11102605,500.0,848,452,937,424000,,,,,,,,
14876.29409126,500.0,852,452,946,428000,0.0003,52200,-2584.7676611328125,0.014016630090773106,431.13816314697266,2.4754304552078246,,
14876.29409126,500.0,856,452,946,428000,,,,,,,,
14841.685108119997,500.0,860,452,954,432000,0.0003,52700,-2595.5043115234375,0.0033153372164815664,423.77012023925784,2.4372240686416626,,
14841.685108119997,500.0,864,452,954,432000,,,,,,,,
14801.381909009999,500.0,868,452,963,436000,0.0003,53200,-2603.106728515625,0.008253971971571445,435.32769897460935,2.440764126777649,,
14801.381909009999,500.0,872,452,963,436000,,,,,,,,
14502.872682599998,500.0,876,452,971,440000,0.0003,53700,-2616.8192919921876,-0.00654913168400526,435.1673175048828,2.397113571166992,,
14502.872682599998,500.0,880,452,971,440000,,,,,,,,
14437.976246299997,500.0,884,452,981,444000,0.0003,54200,-2623.431630859375,-0.005170150771737099,433.8348022460938,2.419347801208496,,
14437.976246299997,500.0,888,452,981,444000,,,,,,,,
14418.11788114,500.0,892,451,991,448000,0.0003,54700,-2634.5305224609374,0.014022623244673014,413.74841796875,2.41569673538208,,
14418.11788114,500.0,896,451,991,448000,,,,,,,,
14538.734295299999,500.0,900,451,1000,452000,0.0003,55200,-2644.1256982421874,-0.005809723809361458,448.34271911621096,2.4062717628479002,,
14538.734295299999,500.0,904,451,1000,452000,,,,,,,,
14559.029396520002,500.0,908,451,1008,456000,0.0003,55700,-2654.128359375,-0.004115602988749742,416.6925750732422,2.3906609535217287,,
14559.029396520002,500.0,912,451,1008,456000,,,,,,,,
14531.239518850003,500.0,916,452,1017,460000,0.0003,56200,-2664.8866455078123,-0.0111742202937603,405.60990661621094,2.387411108016968,,
14531.239518850003,500.0,920,452,1017,460000,,,,,,,,
14435.800314790002,500.0,924,452,1025,464000,0.0003,56700,-2671.248369140625,0.01215781133621931,420.5116870117188,2.394281435012817,,
14435.800314790002,500.0,928,452,1025,464000,,,,,,,,
14525.548380950006,500.0,932,452,1034,468000,0.0003,57200,-2679.970615234375,0.01664221743121743,422.2559188842773,2.3938569736480715,,
14525.548380950006,500.0,936,452,1034,468000,,,,,,,,
14427.91338207,500.0,940,452,1042,472000,0.0003,57700,-2684.25037109375,0.0037144388630986212,408.03578521728514,2.3654304218292235,,
14427.91338207,500.0,944,452,1042,472000,,,,,,,,
14327.5161895,500.0,948,452,1051,476000,0.0003,58200,-2692.5839404296876,0.010890249945223331,415.18688201904297,2.3457610702514646,,
14327.5161895,500.0,952,452,1051,476000,,,,,,,,
,,,,,480000,0.0003,58700,-2701.067705078125,0.0167907340452075,422.7946026611328,2.318439474105835,500.0,11733.825066399999
14169.85410501,500.0,956,451,1064,480000,,,,,,,,
14169.85410501,500.0,960,451,1064,480000,,,,,,,,
14131.383188139996,500.0,964,451,1072,484000,0.0003,59200,-2708.3432958984376,0.000638339314609766,413.77365142822265,2.2988684511184694,,
14131.383188139996,500.0,968,451,1072,484000,,,,,,,,
14125.302248610002,500.0,972,451,1081,488000,0.0003,59700,-2713.72767578125,0.012083828449249268,401.0192788696289,2.2540287160873413,,
14125.302248610002,500.0,976,451,1081,488000,,,,,,,,
14034.77533799,500.0,980,451,1089,492000,0.0003,60200,-2718.926572265625,-0.0017449362576007843,438.71727294921874,2.2483474349975587,,
14034.77533799,500.0,984,451,1089,492000,,,,,,,,
14016.630948189997,500.0,988,451,1098,496000,0.0003,60700,-2725.64197265625,-0.004128418797627091,442.4459356689453,2.2817778301239016,,
14016.630948189997,500.0,992,451,1098,496000,,,,,,,,
13694.665963929998,500.0,996,451,1106,500000,0.0003,61200,-2725.1919140625,0.006027036104351282,443.6709234619141,2.2998179149627687,,
13694.665963929998,500.0,1000,451,1106,500000,,,,,,,,
13590.533451220002,500.0,1004,451,1115,504000,0.0003,61700,-2731.7582080078123,0.002107270434498787,435.83766296386716,2.2966413784027098,,
13590.533451220002,500.0,1008,451,1115,504000,,,,,,,,
13399.593831240001,500.0,1012,452,1123,508000,0.0003,62200,-2736.4531005859376,0.007231597695499659,453.6476751708984,2.2852707290649414,,
13399.593831240001,500.0,1016,452,1123,508000,,,,,,,,
13273.529278799999,500.0,1020,452,1132,512000,0.0003,62700,-2737.694208984375,0.011893520038574934,466.7810931396484,2.2883861207962037,,
13273.529278799999,500.0,1024,452,1132,512000,,,,,,,,
13294.5745673,500.0,1028,452,1140,516000,0.0003,63200,-2744.194990234375,-0.009495054371654987,493.4266815185547,2.2768680810928346,,
13294.5745673,500.0,1032,452,1140,516000,,,,,,,,
13212.127375889999,500.0,1036,452,1149,520000,0.0003,63700,-2747.008212890625,0.009877717457711696,513.44859375,2.2688920545578,,
13212.127375889999,500.0,1040,452,1149,520000,,,,,,,,
13278.629611170001,500.0,1044,452,1157,524000,0.0003,64200,-2755.00302734375,0.018656072318553926,515.7040087890625,2.251413960456848,,
13278.629611170001,500.0,1048,452,1157,524000,,,,,,,,
13352.687219729998,500.0,1052,452,1166,528000,0.0003,64700,-2758.5481396484374,0.008904796577990055,510.87490112304687,2.2279198741912842,,
13352.687219729998,500.0,1056,452,1166,528000,,,,,,,,
13457.47895335,500.0,1060,452,1174,532000,0.0003,65200,-2761.617822265625,0.0020053642708808186,534.209326171875,2.2291725873947144,,
13457.47895335,500.0,1064,452,1174,532000,,,,,,,,
13508.924767100001,500.0,1068,452,1183,536000,0.0003,65700,-2769.6442138671873,-0.0043758988566696645,513.4837609863281,2.2106709909439086,,
13508.924767100001,500.0,1072,452,1183,536000,,,,,,,,
13728.942981130001,500.0,1076,453,1191,540000,0.0003,66200,-2775.296064453125,0.010371169475838542,499.1157067871094,2.1624599742889403,,
13728.942981130001,500.0,1080,453,1191,540000,,,,,,,,
13791.540463190002,500.0,1084,453,1200,544000,0.0003,66700,-2777.480029296875,0.00987025685608387,546.5026782226563,2.1526985788345336,,
13791.540463190002,500.0,1088,453,1200,544000,,,,,,,,
14059.07443632,500.0,1092,453,1208,548000,0.0003,67200,-2783.326513671875,8.838243782520294e-05,569.251675415039,2.123232374191284,,
14059.07443632,500.0,1096,453,1208,548000,,,,,,,,
14129.924088040001,500.0,1100,453,1217,552000,0.0003,67700,-2789.9969384765627,-0.0038074735552072526,605.2963702392578,2.1188928174972532,,
14129.924088040001,500.0,1104,453,1217,552000,,,,,,,,
14242.672245480002,500.0,1108,453,1226,556000,0.0003,68200,-2799.3187109375,0.0037353508546948432,593.1612976074218,2.0884440040588377,,
14242.672245480002,500.0,1112,453,1226,556000,,,,,,,,
,,,,,560000,0.0003,68700,-2794.6467041015626,0.01348099491558969,626.7780633544921,2.039467191696167,500.0,14628.1888286
14406.239956070001,500.0,1116,452,1238,560000,,,,,,,,
14406.239956070001,500.0,1120,452,1238,560000,,,,,,,,
14425.39275501,500.0,1124,452,1247,564000,0.0003,69200,-2807.2381689453123,0.0020028443075716497,646.7158624267578,1.9974129962921143,,
14425.39275501,500.0,1128,452,1247,564000,,,,,,,,
14379.104658239998,500.0,1132,452,1255,568000,0.0003,69700,-2807.5774951171875,-0.011256174687296151,652.0236938476562,1.97997043132782,,
14379.104658239998,500.0,1136,452,1255,568000,,,,,,,,
14321.76951763,500.0,1140,452,1264,572000,0.0003,70200,-2815.65623046875,0.010129064694046975,603.5371508789062,1.9704238677024841,,
14321.76951763,500.0,1144,452,1264,572000,,,,,,,,
14357.54518555,500.0,1148,452,1272,576000,0.0003,70700,-2819.4039501953125,0.020435305871069433,650.1710614013672,1.930128026008606,,
14357.54518555,500.0,1152,452,1272,576000,,,,,,,,
14261.89745975,500.0,1156,452,1280,580000,0.0003,71200,-2824.4431640625,0.01027685748413205,608.4644244384766,1.9037650632858276,,
14261.89745975,500.0,1160,452,1280,580000,,,,,,,,
14260.89931183,500.0,1164,452,1289,584000,0.0003,71700,-2827.8196337890627,-0.002916927025653422,640.9373193359374,1.9323053812980653,,
14260.89931183,500.0,1168,452,1289,584000,,,,,,,,
14130.845763219997,500.0,1172,452,1298,588000,0.0003,72200,-2833.440009765625,-0.007585058296099305,642.8054821777343,1.9254492783546449,,
14130.845763219997,500.0,1176,452,1298,588000,,,,,,,,
14117.54930341,500.0,1180,453,1306,592000,0.0003,72700,-2838.796630859375,0.00903737835586071,648.2633673095703,1.9440212798118592,,
14117.54930341,500.0,1184,453,1306,592000,,,,,,,,
14005.049063559996,500.0,1188,453,1315,596000,0.0003,73200,-2839.6135693359374,0.005533357947133482,688.6594488525391,1.924594702720642,,
14005.049063559996,500.0,1192,453,1315,596000,,,,,,,,
13974.90303915,500.0,1196,453,1323,600000,0.0003,73700,-2847.13435546875,0.0016650105081498622,681.6097369384765,1.9132955002784728,,
13974.90303915,500.0,1200,453,1323,600000,,,,,,,,
14149.680633410002,500.0,1204,453,1332,604000,0.0003,74200,-2848.062099609375,-0.0014775469060987233,708.6364538574219,1.925871317386627,,
14149.680633410002,500.0,1208,453,1332,604000,,,,,,,,
14124.625441019998,500.0,1212,453,1340,608000,0.0003,74700,-2850.4802978515627,0.0003525799699127674,718.5714855957032,1.8984535837173462,,
14124.625441019998,500.0,1216,453,1340,608000,,,,,,,,
14107.801399909997,500.0,1220,453,1349,612000,0.0003,75200,-2857.6020654296876,0.0012217219173908233,720.8989501953125,1.858291094303131,,
14107.801399909997,500.0,1224,453,1349,612000,,,,,,,,
14051.694653669998,500.0,1228,453,1357,616000,0.0003,75700,-2859.4770263671876,-0.00015515577048063277,733.9472680664062,1.845621726512909,,
14051.694653669998,500.0,1232,453,1357,616000,,,,,,,,
14110.43219131,500.0,1236,453,1366,620000,0.0003,76200,-2864.3696826171877,0.0033907063771039248,724.4741857910157,1.851155891418457,,
14110.43219131,500.0,1240,453,1366,620000,,,,,,,,
14242.440787509999,500.0,1244,453,1374,624000,0.0003,76700,-2863.1524365234377,-0.006969460770487785,718.7226287841797,1.8444667673110962,,
14242.440787509999,500.0,1248,453,1374,624000,,,,,,,,
14437.94788063,500.0,1252,454,1382,628000,0.0003,77200,-2869.6322900390624,-0.0005755514279007912,741.3128625488281,1.8453970789909362,,
14437.94788063,500.0,1256,454,1382,628000,,,,,,,,
14509.083919890003,500.0,1260,454,1391,632000,0.0003,77700,-2870.61142578125,-0.0015862720087170602,692.0760266113281,1.834624297618866,,
14509.083919890003,500.0,1264,454,1391,632000,,,,,,,,
14598.659959609997,500.0,1268,454,1399,636000,0.0003,78200,-2872.147099609375,-0.006569391544908285,717.3793267822266,1.8592857480049134,,
14598.659959609997,500.0,1272,454,1399,636000,,,,,,,,
,,,,,640000,0.0003,78700,-2880.02703125,-0.0008831822173669935,725.9592236328125,1.853986177444458,500.0,12880.3369146
14708.481708269997,500.0,1276,453,1412,640000,,,,,,,,
14708.481708269997,500.0,1280,453,1412,640000,,,,,,,,
14888.734223340003,500.0,1284,453,1420,644000,0.0003,79200,-2880.44646484375,0.008286136724054814,739.2184387207031,1.844004898071289,,
14888.734223340003,500.0,1288,453,1420,644000,,,,,,,,
14882.46606565,500.0,1292,453,1429,648000,0.0003,79700,-2889.0899365234377,0.012356334426440298,648.6661669921875,1.8332430934906006,,
14882.46606565,500.0,1296,453,1429,648000,,,,,,,,
14905.595814649998,500.0,1300,453,1437,652000,0.0003,80200,-2889.7367822265624,0.000647687022574246,704.8795715332031,1.8149590015411377,,
14905.595814649998,500.0,1304,453,1437,652000,,,,,,,,
14849.777165140002,500.0,1308,453,1446,656000,0.0003,80700,-2890.1709619140624,-0.001661371309310198,699.9024645996094,1.831228642463684,,
14849.777165140002,500.0,1312,453,1446,656000,,,,,,,,
14907.421150279999,500.0,1316,453,1455,660000,0.0003,81200,-2895.892646484375,-0.0023507477436214685,711.1539318847656,1.8368806266784667,,
14907.421150279999,500.0,1320,453,1455,660000,,,,,,,,
14903.649398830003,500.0,1324,453,1463,664000,0.0003,81700,-2900.2497900390626,-0.005237179379910231,683.3639910888672,1.8309575390815735,,
14903.649398830003,500.0,1328,453,1463,664000,,,,,,,,
14963.275609869997,500.0,1332,453,1472,668000,0.0003,82200,-2901.346181640625,0.002372522195801139,720.6918212890625,1.8441465759277345,,
14963.275609869997,500.0,1336,453,1472,668000,,,,,,,,
14957.722374359997,500.0,1340,453,1480,672000,0.0003,82700,-2904.3409912109373,0.0026061040814965965,737.982816772461,1.8330835056304933,,
14957.722374359997,500.0,1344,453,1480,672000,,,,,,,,
14989.433663239999,500.0,1348,453,1489,676000,0.0003,83200,-2905.008759765625,0.007514634011313319,652.0549658203125,1.8434128165245056,,
14989.433663239999,500.0,1352,453,1489,676000,,,,,,,,
14960.321866639995,500.0,1356,454,1497,680000,0.0003,83700,-2909.2478125,-0.013608981892466544,674.3934222412109,1.8349827933311462,,
14960.321866639995,500.0,1360,454,1497,680000,,,,,,,,
14999.673270079998,500.0,1364,454,1506,684000,0.0003,84200,-2914.9332958984373,-0.0036180373001843693,634.9171600341797,1.824825735092163,,
14999.673270079998,500.0,1368,454,1506,684000,,,,,,,,
14999.044764740001,500.0,1372,454,1514,688000,0.0003,84700,-2918.1880126953124,0.005611561061814427,651.6398571777344,1.8284846973419189,,
14999.044764740001,500.0,1376,454,1514,688000,,,,,,,,
14910.0894922,500.0,1380,454,1523,692000,0.0003,85200,-2916.182158203125,-0.0063781654462218285,648.8270294189454,1.8414408826828004,,
14910.0894922,500.0,1384,454,1523,692000,,,,,,,,
14916.356552810003,500.0,1388,454,1531,696000,0.0003,85700,-2917.6745458984374,0.004057205962017179,660.3607299804687,1.833766107559204,,
14916.356552810003,500.0,1392,454,1531,696000,,,,,,,,
14904.929961029997,500.0,1396,454,1540,700000,0.0003,86200,-2925.7968212890623,0.0005667897965759039,672.4729510498047,1.8487840270996094,,
14904.929961029997,500.0,1400,454,1540,700000,,,,,,,,
14972.415890830001,500.0,1404,454,1548,704000,0.0003,86700,-2929.584306640625,-0.0048667833674699065,646.5484490966796,1.8601421880722047,,
14972.415890830001,500.0,1408,454,1548,704000,,,,,,,,
15030.710906149996,500.0,1412,454,1557,708000,0.0003,87200,-2929.64091796875,-0.007574420627206564,622.0447442626953,1.8991599106788635,,
15030.710906149996,500.0,1416,454,1557,708000,,,,,,,,
15095.774211610002,500.0,1420,454,1565,712000,0.0003,87700,-2935.5861865234374,0.010645558815449476,623.7726977539063,1.9057694816589354,,
15095.774211610002,500.0,1424,454,1565,712000,,,,,,,,
15151.41592726,500.0,1428,454,1574,716000,0.0003,88200,-2936.6806884765624,-0.006343995351344347,603.1347009277343,1.882239499092102,,
15151.41592726,500.0,1432,454,1574,716000,,,,,,,,
,,,,,720000,0.0003,88700,-2941.0112158203124,-0.006697573121637106,630.9532189941406,1.901187343597412,500.0,12599.079509599998
15188.11634252,500.0,1436,453,1586,720000,,,,,,,,
15188.11634252,500.0,1440,453,1586,720000,,,,,,,,
15006.667060210002,500.0,1444,453,1594,724000,0.0003,89200,-2941.5302685546876,0.0037383861560374497,655.3879797363281,1.9249457907676697,,
15006.667060210002,500.0,1448,453,1594,724000,,,,,,,,
15002.124172180002,500.0,1452,454,1603,728000,0.0003,89700,-2940.2458544921874,-0.00547534829005599,651.3414996337891,1.9430689787864686,,
15002.124172180002,500.0,1456,454,1603,728000,,,,,,,,
14967.913407240003,500.0,1460,454,1611,732000,0.0003,90200,-2942.6065869140625,-0.010147926174104214,614.9361614990235,1.9748319268226624,,
14967.913407240003,500.0,1464,454,1611,732000,,,,,,,,
14934.61480676,500.0,1468,454,1620,736000,0.0003,90700,-2943.448994140625,0.0010130620747804643,625.7323114013672,1.9940791749954223,,
14934.61480676,500.0,1472,454,1620,736000,,,,,,,,
14936.087052659997,500.0,1476,454,1628,740000,0.0003,91200,-2947.8678466796873,-0.0013590360060334206,635.1379852294922,2.008838081359863,,
14936.087052659997,500.0,1480,454,1628,740000,,,,,,,,
15070.402342450005,500.0,1484,454,1637,744000,0.0003,91700,-2950.7865625,-0.008141348082572221,593.9287646484376,2.0225178956985475,,
15070.402342450005,500.0,1488,454,1637,744000,,,,,,,,
14976.05488038,500.0,1492,454,1645,748000,0.0003,92200,-2949.607431640625,0.004813611358404159,612.9623297119141,2.04398663520813,,
14976.05488038,500.0,1496,454,1645,748000,,,,,,,,
15070.24146182,500.0,1500,454,1654,752000,0.0003,92700,-2949.9541259765624,9.701203554868699e-05,623.5771063232422,2.052439661026001,,
15070.24146182,500.0,1504,454,1654,752000,,,,,,,,
15078.82042334,500.0,1508,454,1662,756000,0.0003,93200,-2950.26505859375,0.006087261401116848,606.4646313476562,2.0659335470199585,,
15078.82042334,500.0,1512,454,1662,756000,,,,,,,,
15033.831296239998,500.0,1516,454,1671,760000,0.0003,93700,-2955.227587890625,-0.014827012047171594,599.2567297363281,2.111540265083313,,
15033.831296239998,500.0,1520,454,1671,760000,,,,,,,,
15026.78499252,500.0,1524,454,1679,764000,0.0003,94200,-2951.250302734375,-0.0061847751028835775,600.21638671875,2.141911368370056,,
15026.78499252,500.0,1528,454,1679,764000,,,,,,,,
14954.991499939999,500.0,1532,454,1688,768000,0.0003,94700,-2953.4088623046873,9.316308423876763e-05,558.7221661376954,2.12742949962616,,
14954.991499939999,500.0,1536,454,1688,768000,,,,,,,,
14999.122202750003,500.0,1540,454,1696,772000,0.0003,95200,-2954.830166015625,-0.003163756299763918,561.2396276855469,2.146502022743225,,
14999.122202750003,500.0,1544,454,1696,772000,,,,,,,,
15129.36774223,500.0,1548,455,1705,776000,0.0003,95700,-2954.4784033203123,-0.004625166356563568,600.4667022705078,2.166188244819641,,
15129.36774223,500.0,1552,455,1705,776000,,,,,,,,
15184.3836995,500.0,1556,455,1713,780000,0.0003,96200,-2955.651318359375,-0.005074104089289904,588.8114483642578,2.1516451406478883,,
15184.3836995,500.0,1560,455,1713,780000,,,,,,,,
15213.658326509998,500.0,1564,455,1722,784000,0.0003,96700,-2955.881025390625,-0.019443786460906266,588.5606512451172,2.1770269536972044,,
15213.658326509998,500.0,1568,455,1722,784000,,,,,,,,
15141.068267600003,500.0,1572,455,1730,788000,0.0003,97200,-2959.0840087890624,-0.015253783324733377,630.1175537109375,2.1744958925247193,,
15141.068267600003,500.0,1576,455,1730,788000,,,,,,,,
15081.123965910001,500.0,1580,455,1739,792000,0.0003,97700,-2959.9244091796877,-0.002625971361994743,550.4298052978515,2.187001943588257,,
15081.123965910001,500.0,1584,455,1739,792000,,,,,,,,
15055.279005240001,500.0,1588,455,1747,796000,0.0003,98200,-2962.107998046875,0.0035521561093628407,561.2522479248047,2.212471089363098,,
15055.279005240001,500.0,1592,455,1747,796000,,,,,,,,
,,,,,800000,0.0003,98700,-2961.2957373046875,0.017278850600123404,553.5308471679688,2.213207983970642,500.0,13611.450765800002
15062.786807069997,500.0,1596,454,1760,800000,,,,,,,,
15062.786807069997,500.0,1600,454,1760,800000,,,,,,,,
15037.986256599997,500.0,1604,454,1768,804000,0.0003,99200,-2965.088486328125,-0.002247054744511843,553.1502124023438,2.202284321784973,,
15037.986256599997,500.0,1608,454,1768,804000,,,,,,,,
14941.69444994,500.0,1612,454,1776,808000,0.0003,99700,-2966.9419873046877,-0.002132710302248597,582.3195953369141,2.247191243171692,,
14941.69444994,500.0,1616,454,1776,808000,,,,,,,,
14892.485189250003,500.0,1620,454,1785,812000,0.0003,100200,-2966.7193994140625,-0.005166385322809219,589.9284631347656,2.239861626625061,,
14892.485189250003,500.0,1624,454,1785,812000,,,,,,,,
14810.32234874,500.0,1628,454,1793,816000,0.0003,100700,-2967.5791796875,0.0007820163480937481,549.0268737792969,2.2439474868774414,,
14810.32234874,500.0,1632,454,1793,816000,,,,,,,,
14787.555788609996,500.0,1636,454,1802,820000,0.0003,101200,-2965.8514208984375,-0.00919374231249094,542.067197265625,2.2907397317886353,,
14787.555788609996,500.0,1640,454,1802,820000,,,,,,,,
14728.74986328,500.0,1644,454,1811,824000,0.0003,101700,-2965.871201171875,0.0050842718593776225,580.8528631591797,2.3039025974273684,,
14728.74986328,500.0,1648,454,1811,824000,,,,,,,,
14558.39263728,500.0,1652,455,1819,828000,0.0003,102200,-2969.47310546875,0.0033333359472453596,528.5488549804687,2.2961438941955565,,
14558.39263728,500.0,1656,455,1819,828000,,,,,,,,
14412.903990730001,500.0,1660,455,1828,832000,0.0003,102700,-2965.33349609375,0.003718423992395401,558.9397784423828,2.285247802734375,,
14412.903990730001,500.0,1664,455,1828,832000,,,,,,,,
14356.386430130005,500.0,1668,455,1836,836000,0.0003,103200,-2960.3679296875,0.002355578728020191,558.2572686767578,2.2648366355895995,,
14356.386430130005,500.0,1672,455,1836,836000,,,,,,,,
14387.94224781,500.0,1676,455,1845,840000,0.0003,103700,-2961.9528369140626,-0.005490139927715063,596.486806640625,2.2959371042251586,,
14387.94224781,500.0,1680,455,1845,840000,,,,,,,,
14335.66827932,500.0,1684,455,1853,844000,0.0003,104200,-2961.7036181640624,-0.00010815922170877457,614.6604125976562,2.284474115371704,,
14335.66827932,500.0,1688,455,1853,844000,,,,,,,,
14288.521667890003,500.0,1692,455,1862,848000,0.0003,104700,-2963.0910888671874,0.005180115215480328,574.4266149902344,2.2884199666976928,,
14288.521667890003,500.0,1696,455,1862,848000,,,,,,,,
14180.48175396,500.0,1700,455,1870,852000,0.0003,105200,-2961.237890625,-0.006287963781505823,598.1336395263672,2.3221686553955077,,
14180.48175396,500.0,1704,455,1870,852000,,,,,,,,
14092.843441740002,500.0,1708,455,1878,856000,0.0003,105700,-2959.7261669921877,0.011464002933353186,575.576123046875,2.3347385358810424,,
14092.843441740002,500.0,1712,455,1878,856000,,,,,,,,
14029.59196753,500.0,1716,455,1887,860000,0.0003,106200,-2956.7611083984375,-0.00683437267318368,596.6734411621094,2.365999073982239,,
14029.59196753,500.0,1720,455,1887,860000,,,,,,,,
14087.327577059998,500.0,1724,455,1895,864000,0.0003,106700,-2957.4409521484376,0.002367908079177141,628.5143060302735,2.4102217817306517,,
14087.327577059998,500.0,1728,455,1895,864000,,,,,,,,
14138.299991909997,500.0,1732,455,1904,868000,0.0003,107200,-2952.2286767578125,-0.009426612537354231,639.8750164794922,2.4415214395523073,,
14138.299991909997,500.0,1736,455,1904,868000,,,,,,,,
14146.794147229997,500.0,1740,455,1912,872000,0.0003,107700,-2951.290419921875,0.006682573333382607,606.5968634033203,2.492833490371704,,
14146.794147229997,500.0,1744,455,1912,872000,,,,,,,,
14260.09873649,500.0,1748,455,1921,876000,0.0003,108200,-2952.67494140625,-0.004599230848252773,618.1566632080078,2.4904045391082765,,
14260.09873649,500.0,1752,455,1921,876000,,,,,,,,
,,,,,880000,0.0003,108700,-2948.6255810546877,0.0013202890846878291,641.6020324707031,2.5041168546676635,500.0,13648.70502
14381.38324482,500.0,1756,455,1933,880000,,,,,,,,
14381.38324482,500.0,1760,455,1933,880000,,,,,,,,
14446.130328359997,500.0,1764,455,1942,884000,0.0003,109200,-2949.172060546875,-0.007584404963999987,660.3969604492188,2.533040189743042,,
14446.130328359997,500.0,1768,455,1942,884000,,,,,,,,
14433.048167660001,500.0,1772,455,1950,888000,0.0003,109700,-2948.166767578125,0.0016501524671912193,601.6283056640625,2.5521195125579834,,
14433.048167660001,500.0,1776,455,1950,888000,,,,,,,,
14389.923491130001,500.0,1780,455,1958,892000,0.0003,110200,-2946.612900390625,0.009166022818535567,620.2234783935547,2.5548462152481077,,
14389.923491130001,500.0,1784,455,1958,892000,,,,,,,,
14461.384570639997,500.0,1788,455,1967,896000,0.0003,110700,-2942.269130859375,-0.0059178430214524265,621.7157092285156,2.5664232301712038,,
14461.384570639997,500.0,1792,455,1967,896000,,,,,,,,
14398.934581570002,500.0,1796,455,1975,900000,0.0003,111200,-2945.98427734375,-0.0006911433674395085,625.7173675537109,2.5764570236206055,,
14398.934581570002,500.0,1800,455,1975,900000,,,,,,,,
14466.37520989,500.0,1804,455,1984,904000,0.0003,111700,-2938.628115234375,-0.0036344668827950955,634.0958831787109,2.593844566345215,,
14466.37520989,500.0,1808,455,1984,904000,,,,,,,,
14615.319475939998,500.0,1812,455,1992,908000,0.0003,112200,-2938.6543115234376,0.007104535717517137,657.0719384765625,2.6260593271255495,,
14615.319475939998,500.0,1816,455,1992,908000,,,,,,,,
14577.654318280001,500.0,1820,455,2001,912000,0.0003,112700,-2936.6591357421876,0.0019370788894593717,666.6901922607422,2.628505549430847,,
14577.654318280001,500.0,1824,455,2001,912000,,,,,,,,
14426.885713900001,500.0,1828,455,2009,916000,0.0003,113200,-2935.02498046875,-0.011009446419775486,658.8040490722656,2.6743415880203245,,
14426.885713900001,500.0,1832,455,2009,916000,,,,,,,,
14329.62177507,500.0,1836,455,2018,920000,0.0003,113700,-2927.3981689453126,-0.011953085474669934,730.2462451171875,2.687219099998474,,
14329.62177507,500.0,1840,455,2018,920000,,,,,,,,
14350.856459049997,500.0,1844,455,2026,924000,0.0003,114200,-2926.8459130859374,0.005000629052519798,688.7836199951172,2.689990382194519,,
14350.856459049997,500.0,1848,455,2026,924000,,,,,,,,
14392.05726145,500.0,1852,455,2035,928000,0.0003,114700,-2922.663232421875,-0.015810285694897175,746.2483599853516,2.6564461612701415,,
14392.05726145,500.0,1856,455,2035,928000,,,,,,,,
14439.197003339998,500.0,1860,456,2043,932000,0.0003,115200,-2925.5115234375,-0.004278436191380024,711.31849609375,2.689069309234619,,
14439.197003339998,500.0,1864,456,2043,932000,,,,,,,,
14435.742898829998,500.0,1868,456,2052,936000,0.0003,115700,-2918.994072265625,0.010163746047765017,710.6656280517578,2.6889215755462645,,
14435.742898829998,500.0,1872,456,2052,936000,,,,,,,,
14396.21899182,500.0,1876,456,2061,940000,0.0003,116200,-2919.77521484375,-0.01332012753933668,735.0491400146484,2.680770506858826,,
14396.21899182,500.0,1880,456,2061,940000,,,,,,,,
14558.27325893,500.0,1884,456,2069,944000,0.0003,116700,-2918.589892578125,0.0006037720292806626,699.9139678955078,2.6859385204315185,,
14558.27325893,500.0,1888,456,2069,944000,,,,,,,,
14532.1091481,500.0,1892,456,2078,948000,0.0003,117200,-2910.646513671875,-0.01519870525225997,778.4393103027344,2.6820183849334716,,
14532.1091481,500.0,1896,456,2078,948000,,,,,,,,
14482.920894559998,500.0,1900,456,2086,952000,0.0003,117700,-2911.3175244140625,-0.0012770136818289757,775.2687286376953,2.667186779975891,,
14482.920894559998,500.0,1904,456,2086,952000,,,,,,,,
14598.095797260003,500.0,1908,456,2095,956000,0.0003,118200,-2911.1091357421874,0.00800782848149538,752.0879211425781,2.6759157943725587,,
14598.095797260003,500.0,1912,456,2095,956000,,,,,,,,
,,,,,960000,0.0003,118700,-2911.1112255859375,0.006128328833729029,739.0743359375,2.668444676399231,500.0,15714.609798200001
14659.014489349998,500.0,1916,455,2107,960000,,,,,,,,
14659.014489349998,500.0,1920,455,2107,960000,,,,,,,,
14702.889541970002,500.0,1924,455,2115,964000,0.0003,119200,-2908.3439453125,0.006320675350725651,776.8486126708984,2.6650688648223877,,
14702.889541970002,500.0,1928,455,2115,964000,,,,,,,,
14843.8995496,500.0,1932,455,2124,968000,0.0003,119700,-2905.29376953125,-0.0007186435163021087,784.5598992919922,2.649935746192932,,
14843.8995496,500.0,1936,455,2124,968000,,,,,,,,
14943.843842190001,500.0,1940,455,2132,972000,0.0003,120200,-2904.752255859375,-0.018659854996949433,805.0693444824219,2.6817088460922243,,
14943.843842190001,500.0,1944,455,2132,972000,,,,,,,,
14897.12431825,500.0,1948,455,2140,976000,0.0003,120700,-2899.1148876953125,0.003288669493049383,836.8186950683594,2.6968631744384766,,
14897.12431825,500.0,1952,455,2140,976000,,,,,,,,
14867.824781389998,500.0,1956,455,2149,980000,0.0003,121200,-2899.2287353515626,-0.007844393029808999,841.0313269042969,2.695339207649231,,
14867.824781389998,500.0,1960,455,2149,980000,,,,,,,,
14907.626500639999,500.0,1964,455,2157,984000,0.0003,121700,-2897.189599609375,-0.00263456292450428,841.5944384765625,2.6831199407577513,,
14907.626500639999,500.0,1968,455,2157,984000,,,,,,,,
14992.738501880001,500.0,1972,456,2166,988000,0.0003,122200,-2898.3867041015624,0.002571662329137325,782.821900024414,2.658385043144226,,
14992.738501880001,500.0,1976,456,2166,988000,,,,,,,,
15097.929057770001,500.0,1980,456,2175,992000,0.0003,122700,-2899.73763671875,0.010530949477106333,842.7363500976562,2.645865774154663,,
15097.929057770001,500.0,1984,456,2175,992000,,,,,,,,
15139.876035939997,500.0,1988,456,2183,996000,0.0003,123200,-2895.8964697265624,0.019055680222809315,832.8707006835938,2.6296351146698,,
15139.876035939997,500.0,1992,456,2183,996000,,,,,,,,
15250.815040430001,500.0,1996,456,2192,1000000,0.0003,123700,-2897.300986328125,0.013030826300382613,832.467924194336,2.6070761108398437,,
15250.815040430001,500.0,2000,456,2192,1000000,,,,,,,,
