time,dt,theta,alpha,th_dot,al_dot,voltage,mode
0.0,0.02,0.17,179.64999999999998,0.0,0.0,0.22367501258850098,SAC
0.09609675407409668,0.09609675407409668,0.17,179.64999999999998,0.0,0.0,0.35057657957077026,SAC
0.11717104911804199,0.021074295043945312,0.17,179.83000000000004,0.0,0.029814450704423588,0.4054323583841324,SAC
0.1383075714111328,0.02113652229309082,0.35000000000000003,179.83000000000004,0.029726675088992554,0.023851560563538873,0.42189882323145866,SAC
0.159531831741333,0.021224260330200195,0.35000000000000003,-180.0,0.023781340071194045,0.04704038278322929,0.426531539298594,SAC
0.1798107624053955,0.0202789306640625,0.52,-180.0,0.04828755909379355,0.03763230622658344,0.4089217677246779,SAC
0.200819730758667,0.021008968353271484,0.52,-180.0,0.03863004727503484,0.03010584498126675,0.4050559173920192,SAC
0.2213456630706787,0.02052593231201172,0.52,179.83000000000004,0.030904037820027874,-0.0048256768631539035,0.40376204035419505,SAC
0.24252557754516602,0.021179914474487305,0.52,179.83000000000004,0.0247232302560223,-0.003860541490523123,0.40089620487196953,SAC
0.26352930068969727,0.02100372314453125,0.52,179.83000000000004,0.01977858420481784,-0.0030884331924184985,0.40011392039286875,SAC
0.2841649055480957,0.020635604858398438,0.7000000000000001,179.83000000000004,0.046271140386597326,-0.002470746553934799,0.38658632339706855,SAC
0.30507493019104004,0.020910024642944336,0.7000000000000001,179.64999999999998,0.03701691230927786,-0.032025272050912795,0.38760338352375356,SAC
0.32573676109313965,0.02066183090209961,0.7000000000000001,179.64999999999998,0.029613529847422288,-0.025620217640730237,0.38246841822753197,SAC
0.34700441360473633,0.02126765251159668,0.7000000000000001,179.64999999999998,0.023690823877937833,-0.02049617411258419,0.3769620924792427,SAC
0.3678886890411377,0.020884275436401367,0.7000000000000001,179.48000000000002,0.018952659102350267,-0.04481123345530989,0.3795042536856039,SAC
0.38927721977233887,0.021388530731201172,0.7000000000000001,179.48000000000002,0.015162127281880215,-0.035848986764247914,0.3751562015862244,SAC
0.41070055961608887,0.02142333984375,0.7000000000000001,179.48000000000002,0.012129701825504172,-0.028679189411398333,0.37027248566232457,SAC
0.43209266662597656,0.021392107009887695,0.7000000000000001,179.48000000000002,0.009703761460403339,-0.022943351529118666,0.36934984344901395,SAC
0.4530618190765381,0.020969152450561523,0.7000000000000001,179.48000000000002,0.007763009168322671,-0.018354681223294932,0.36941436394052024,SAC
0.47377610206604004,0.020714282989501953,0.7000000000000001,179.48000000000002,0.006210407334658137,-0.014683744978635947,0.36963060098883743,SAC
0.49445176124572754,0.0206756591796875,0.52,179.48000000000002,-0.025420960648238164,-0.011746995982908758,0.3844090297668966,SAC
0.5157182216644287,0.021266460418701172,0.52,179.64999999999998,-0.020336768518590533,0.018506056853938697,0.39107519349826814,SAC
0.5368783473968506,0.021160125732421875,0.52,179.64999999999998,-0.016269414814872426,0.014804845483150959,0.39319805772135735,SAC
0.5576064586639404,0.020728111267089844,0.52,179.64999999999998,-0.013015531851897941,0.011843876386520768,0.39427355282776116,SAC
0.5788757801055908,0.02126932144165039,0.52,179.83000000000004,-0.010412425481518354,0.03901617191591328,0.3981769930815142,SAC
0.6001458168029785,0.021270036697387695,0.52,179.83000000000004,-0.008329940385214684,0.031212937532730623,0.3990694322806181,SAC
0.6209938526153564,0.02084803581237793,0.52,179.83000000000004,-0.0066639523081717476,0.0249703500261845,0.3991923062966452,SAC
0.6414358615875244,0.02044200897216797,0.52,-180.0,-0.005331161846537398,0.049005322444605405,0.402689317536815,SAC
0.6624865531921387,0.021050691604614258,0.52,-180.0,-0.0042649294772299185,0.03920425795568433,0.40333892380629777,SAC
0.6835718154907227,0.021085262298583984,0.52,-180.0,-0.003411943581783935,0.031363406364547465,0.4033066144245475,SAC
0.7046151161193848,0.02104330062866211,0.52,-180.0,-0.0027295548654271483,0.025090725091637973,0.40313909282219484,SAC
0.7254447937011719,0.02082967758178711,0.52,179.83000000000004,-0.0021836438923417186,-0.008416192417182718,0.3989903765166706,SAC
0.7468156814575195,0.021370887756347656,0.7000000000000001,179.83000000000004,0.02765376013562969,-0.006732953933746175,0.380051183495291,SAC
0.7680892944335938,0.02127361297607422,0.7000000000000001,-180.0,0.022123008108503754,0.022507908801319955,0.3791250346551597,SAC
0.7894136905670166,0.02132439613342285,0.87,-180.0,0.045526249393359496,0.018006327041055963,0.35957461285965586,SAC
0.8095052242279053,0.020091533660888672,1.05,-180.0,0.0676938003532358,0.014405061632844772,0.33994982904476634,SAC
0.8306047916412354,0.021099567413330078,1.4,-180.0,0.1120581457094884,0.011524049306275819,0.3216239680817925,SAC
0.851738452911377,0.0211336612701416,1.58,-179.83,0.11937721598055377,0.037298233335039545,0.29178512617731117,SAC
0.8719978332519531,0.020259380340576172,1.75,-179.83,0.12479249815226517,0.029838586668031637,0.27582708392131344,SAC
0.8932008743286133,0.021203041076660156,2.1,-179.65,0.15745452908527385,0.0535042850527752,0.2517659618972839,SAC
0.9136512279510498,0.020450353622436523,2.46,-179.48,0.1874118057611239,0.07182062533054322,0.21863895315819243,SAC
0.9341182708740234,0.020467042922973633,2.98,-179.48,0.2386155547082071,0.05745650026443458,0.1939322177983318,SAC
0.9544777870178223,0.020359516143798828,3.33,-179.3,0.2509002783225038,0.07682637226888096,0.1566092986179139,SAC
0.9748201370239258,0.020342350006103516,3.69,-179.3,0.2624946519180874,0.061461097815104775,0.13101083176678013,SAC
0.9951610565185547,0.020340919494628906,4.04,-179.48,0.27005841814553666,0.018279491423541468,0.12994609875489466,SAC
1.016237497329712,0.021076440811157227,4.21,-179.83,0.24420196010669773,-0.043343047782312544,0.1556270316467374,SAC
1.036689281463623,0.020451784133911133,4.39,-180.0,0.2260835103180724,-0.0636896058900783,0.1767862584610052,SAC
1.0579118728637695,0.021222591400146484,4.57,179.64999999999998,0.21047292556931252,-0.10851913504650669,0.1971481998577168,SAC
1.0789852142333984,0.021073341369628906,4.57,179.13,0.16837834045545003,-0.17294984124844015,0.21476831732798,SAC
1.1002511978149414,0.02126598358154297,4.74,178.60000000000002,0.16260695167515107,-0.22535556732062473,0.035228421528699844,SAC
1.1215717792510986,0.021320581436157227,4.74,178.25,0.13008556134012086,-0.23758732245107853,-0.13256191444429544,SAC
1.142737627029419,0.021165847778320312,5.09,178.07,0.16179023225752712,-0.21975534645622943,-0.2762057127955019,SAC
1.164055347442627,0.021317720413208008,5.27,178.07,0.1589061876476382,-0.17580427716498356,-0.3537685977222368,SAC
1.1846137046813965,0.02055835723876953,5.62,178.25,0.18655238696078097,-0.11008073992718255,-0.3935706098975126,SAC
1.205965280532837,0.02135157585144043,5.97,178.60000000000002,0.20646159606373699,-0.030844905446629045,-0.4244721144513327,SAC
1.226691484451294,0.02072620391845703,6.5,179.13,0.2544306299860174,0.06458542877771895,-0.5052856959459214,SAC
1.2470178604125977,0.02032637596130371,6.85,179.48000000000002,0.26365017549277,0.11177401452613625,-0.6094284920064381,SAC
1.2678892612457275,0.020871400833129883,6.67,179.3,0.1808158586672029,0.059314929893893496,-0.7071133306747505,SAC
1.2890942096710205,0.02120494842529297,6.32,178.95,0.08703733923790252,-0.010163403780749848,-0.9421854504291586,SAC
1.310478925704956,0.021384716033935547,5.44,178.07,-0.07401381686980697,-0.1517744112847282,0.7016210192185364,SAC
1.3310108184814453,0.020531892776489258,4.21,177.01999999999998,-0.2683252353516208,-0.2999316354900315,-0.5136808429850845,SAC
1.352095603942871,0.02108478546142578,3.16,176.31,-0.3884912872931167,-0.3574882420095386,1.2416576836486377,SAC
1.373060941696167,0.0209653377532959,2.46,175.96000000000004,-0.4273406848994795,-0.3442644211401161,-1.242839016468844,SAC
1.393630027770996,0.0205690860748291,2.1,176.49,-0.4029660285372614,-0.18546835711385065,1.567453028297781,SAC
1.4150350093841553,0.02140498161315918,2.1,177.19,-0.3223728228298091,-0.03422084071464632,-1.2993181038376993,SAC
1.4354510307312012,0.0204160213470459,2.2800000000000002,178.41999999999996,-0.22712250034131395,0.18292433989892337,1.3309809350611785,SAC
1.4560120105743408,0.02056097984313965,2.46,179.83000000000004,-0.15113921681470338,0.38571660900954086,0.5188124167652443,SAC
1.476862907409668,0.02085089683532715,2.81,-178.95,-0.06231770786294816,0.512814064402925,-0.021354735811686898,SAC
1.4982421398162842,0.02137923240661621,2.81,-178.95,-0.04985416629035853,0.41025125152234,-0.3156245208681646,SAC
1.5507643222808838,0.05252218246459961,4.92,-174.2,0.1003486432070923,0.6438890993870894,-0.5218727333024906,SAC
1.5716865062713623,0.020922183990478516,4.92,-174.2,0.08027891456567385,0.5151112795096715,-0.5469633745160525,SAC
1.592883586883545,0.021197080612182617,4.21,-175.08,-0.052697098221359415,0.2671738091161413,-0.5359241967653352,SAC
1.6136314868927002,0.020747900009155273,3.16,-176.84,-0.2188112882229205,-0.08236605078010101,0.9744723435301246,SAC
1.6341216564178467,0.020490169525146484,1.58,-178.95,-0.4442142236497516,-0.42534762377640867,0.1718276587172345,SAC
1.654667854309082,0.02054619789123535,0.35000000000000003,179.13,-0.5643399668130186,-0.6664729679276093,0.4060344880107042,SAC
1.6755950450897217,0.02092719078063965,-0.17,177.53999999999996,-0.5382080500266051,-0.79839060848852,0.628793730235323,SAC
1.6971094608306885,0.021514415740966797,-0.7000000000000001,176.49,-0.5165575740306175,-0.8090722805828853,1.0041868790210968,SAC
1.7182705402374268,0.02116107940673828,-0.52,176.14,-0.38355388149381153,-0.7049926144981957,-0.04820197044151375,SAC
1.7385029792785645,0.020232439041137695,0.0,176.66999999999996,-0.21712864128966167,-0.47255434954114806,-0.18848855211092047,SAC
1.758998155593872,0.020495176315307617,1.4,177.89999999999998,0.06473962732027214,-0.16855467632365573,0.04583246325140439,SAC
1.779747486114502,0.020749330520629883,2.63,179.3,0.25871452067378176,0.10067816653830958,0.046536079158523994,SAC
1.8014917373657227,0.021744251251220703,3.86,-179.48,0.40442656269013816,0.2763921546163084,-0.09775976008911481,SAC
1.821918249130249,0.020426511764526367,5.09,-178.42,0.5337342586011771,0.4022556659337032,-0.33134713520660664,SAC
1.8428936004638672,0.020975351333618164,6.15,-177.54,0.60338960178948,0.4682516379540502,-0.5106153395030995,SAC
1.8634693622589111,0.020575761795043945,6.67,-177.02,0.570929189009423,0.46281881794107815,-0.6078517367135062,SAC
1.8847482204437256,0.021278858184814453,6.85,-177.37,0.48627118231862476,0.31283982719241626,-0.6535451955862771,SAC
1.9053256511688232,0.020577430725097656,6.5,-178.42,0.3296445930710354,0.07215480340234201,-0.7476142456582137,SAC
1.926361322402954,0.02103567123413086,5.62,-180.0,0.11768850711234219,-0.20446129864663612,-0.851047293130379,SAC
1.9469630718231201,0.020601749420166016,4.39,178.07,-0.1142543094458026,-0.4905786911220747,-0.5217169044791319,SAC
1.967419147491455,0.02045607566833496,2.81,175.78999999999996,-0.36101725451177624,-0.7815259148329229,-0.018511170028050083,SAC
1.9886579513549805,0.02123880386352539,1.05,173.5,-0.5780748658847181,-1.0015888185768034,0.6089076743435865,SAC
2.009572744369507,0.020914793014526367,-0.35000000000000003,171.74,-0.6961185238111238,-1.0950133339627948,1.4443163682454827,SAC
2.030799150466919,0.02122640609741211,-1.05,171.22000000000003,-0.6720090282833093,-0.9615240797443639,2.9146786786194148,SAC
2.051727771759033,0.020928621292114258,-0.87,172.26999999999998,-0.5075852483194004,-0.5940910803365566,-0.31394449941251423,SAC
2.073370933532715,0.02164316177368164,1.23,175.78999999999996,-0.06737540806288056,0.09244076567650622,-0.1023893361682724,SAC
2.0942275524139404,0.020856618881225586,4.57,-179.65,0.505097249797156,0.8371349322083999,-0.6698410515036457,SAC
2.115125894546509,0.02089834213256836,7.55,-175.26,0.9018284001437309,1.4029714140027545,-2.834733426872363,SAC
2.1361751556396484,0.02104926109313965,10.01,-171.74,1.1294114781172682,1.7061086873680695,-0.19144494854172356,SAC
2.156308889389038,0.02013373374938965,10.54,-170.51,0.9954172063517872,1.578136514696921,-2.643498357554974,SAC
2.177699089050293,0.021390199661254883,9.84,-171.22,0.6821010327326047,1.146644583232299,-0.18354625733249041,SAC
2.198143720626831,0.020444631576538086,7.91,-173.68,0.21615809120907686,0.4973022323664416,-0.5812233927216579,SAC
2.2194833755493164,0.02133965492248535,4.74,-177.72,-0.3456099090800685,-0.26300584296211926,1.5436747787619791,SAC
2.2405691146850586,0.021085739135742188,1.23,178.07,-0.8575541763589993,-0.9073530814038016,2.3508431850541505,SAC
2.261554002761841,0.020984888076782227,-1.4,174.38,-1.1235215793270044,-1.3396827309423869,3.970385368069177,SAC
2.282900810241699,0.0213468074798584,-2.46,172.8,-1.0721498808901897,-1.3301098975248176,3.3116429860891143,SAC
2.3030636310577393,0.02016282081604004,-1.05,174.02999999999997,-0.6136157421284836,-0.8511459889575141,-0.015952094234434,SAC
2.3235037326812744,0.020440101623535156,2.81,178.41999999999996,0.1682989344783668,0.06878549088457653,-0.004042613385176086,SAC
2.3442070484161377,0.02070331573486328,7.91,-176.14,0.9945187242808325,0.9722332745190211,-2.502759447602969,SAC
2.365699052810669,0.02149200439453125,13.0,-171.04,1.6223155262486415,1.6061113325429703,-1.0328155688260061,SAC
2.3867597579956055,0.021060705184936523,16.17,-168.05,1.8232568345965392,1.78045979053182,-3.2518193372945534,SAC
2.4079418182373047,0.02118206024169922,17.57,-167.7,1.6893158825198669,1.4820454361361155,-2.2459111548111252,SAC
2.4292423725128174,0.021300554275512695,16.69,-170.34,1.2072414595019303,0.7530026093669998,-2.1092564118389348,SAC
2.4504685401916504,0.021226167678833008,13.53,-175.79,0.44612890038651154,-0.29385432273485657,-1.3568122277024433,SAC
2.471689224243164,0.021220684051513672,8.61,177.01999999999998,-0.4524034881834219,-1.4177896604362648,0.46987671484328475,SAC
2.4930520057678223,0.021362781524658203,2.98,168.75,-1.2818595204511352,-2.485541987018521,0.8007016988827077,SAC
2.514152765274048,0.021100759506225586,-1.75,161.89999999999998,-1.8079625182238002,-3.1216160584860297,1.08935970159123,SAC
2.534999370574951,0.02084660530090332,-5.27,157.32999999999998,-2.035776191588956,-3.2625162072818106,2.229458645669741,SAC
2.556107997894287,0.021108627319335938,-7.2,155.39999999999998,-1.9477781779821677,-2.9291701905364524,3.5699626175225694,SAC
2.576803684234619,0.02069568634033203,-7.2,156.45,-1.5582225423857343,-2.1662368589379692,5.159089413856038,SAC
2.598054885864258,0.021251201629638672,-4.74,161.01999999999998,-0.8425058280416055,-0.9823350234056172,1.3693404254127808,SAC
2.6190061569213867,0.020951271057128906,1.23,170.34000000000003,0.3206477007569435,0.766922605217379,0.5485533518202057,SAC
2.640296697616577,0.02129054069519043,10.37,-177.37,1.7550530819691839,2.628526506882757,-2.0885849861348458,SAC
2.6616368293762207,0.021340131759643555,19.51,-164.89,2.899095030657975,4.14420588955776,-4.066335981193541,SAC
2.682847499847412,0.021210670471191406,26.36,-155.4,3.4465864876632493,4.877142272984732,-5.549526918756484,SAC
2.704200029373169,0.021352529525756836,29.7,-150.3,3.303284096198684,4.735449154000727,-6.65700059296751,SAC
2.7251129150390625,0.020912885665893555,29.17,-150.12,2.554162727557658,3.8184038871481922,-5.736860909775376,SAC
2.746276617050171,0.0211637020111084,24.08,-155.75,1.20380542517814,2.12613285801585,-3.1263430108990367,SAC
2.767275333404541,0.020998716354370117,13.88,-166.65,-0.7325220049533624,-0.11102245491526608,-1.04464405703292,SAC
2.788278818130493,0.02100348472595215,-0.17,178.07,-2.921046891766615,-2.6282661858285747,1.644770131053435,SAC
2.8097033500671387,0.021424531936645508,-15.11,161.89999999999998,-4.770983482333623,-4.737160493337678,3.7324598919912484,SAC
2.8301894664764404,0.020486116409301758,-26.89,148.89,-5.82399773573321,-6.00652079346137,5.299303910997831,SAC
2.8507943153381348,0.020604848861694336,-34.8,140.10000000000002,-5.999227855966511,-6.294326720264632,6.47447602589974,SAC
2.8712027072906494,0.02040839195251465,-39.37,135.52999999999997,-5.581036684607616,-5.81711577604612,7.35585320472754,SAC
2.8915579319000244,0.020355224609375,-40.6,135.36,-4.675758484666905,-4.682845428387079,8.016881320476807,SAC
2.912260055541992,0.020702123641967773,-38.14,139.93,-3.325817461366817,-2.975712431532492,8.512573252320497,SAC
2.933079481124878,0.020819425582885742,-30.93,149.95,-1.4517998768630285,-0.7005813177434914,8.822273738831438,SAC
2.953629732131958,0.020550251007080078,-17.05,166.47000000000003,1.1962120813817183,2.245616412451308,4.116706734635053,SAC
2.9750454425811768,0.02141571044921875,5.27,-168.75,4.59502304623283,5.83551476008373,0.5875305278134482,SAC
2.9956138134002686,0.020568370819091797,27.59,-143.09,7.463945954157849,9.023170772700626,-2.059352104139914,SAC
3.0162246227264404,0.020610809326171875,43.76,-121.28999999999999,8.709717249537917,10.910597137604764,-4.044514078104935,SAC
3.0368404388427734,0.020615816116333008,55.19,-102.84,8.903095034329393,11.852421435385438,-5.5333855585787015,SAC
3.0575690269470215,0.020728588104248047,63.45,-87.9,8.513445788546155,11.997807394140626,-6.650039168934026,SAC
3.078460931777954,0.020891904830932617,69.08,-75.59,7.751427552731931,11.65502372144528,-7.48752937670052,SAC
3.098973512649536,0.02051258087158203,72.24,-65.75,6.738884266904116,10.998507423748237,-8.11564703252539,SAC
3.1199491024017334,0.020975589752197266,73.12,-57.489999999999995,5.537552854142587,10.173396097538754,-8.586735274394043,SAC
3.1404213905334473,0.020472288131713867,71.36,-50.629999999999995,4.129950816864699,9.308391571123433,-8.940051455795532,SAC
3.161298990249634,0.020877599716186523,66.44,-43.94999999999999,2.4813546033188043,8.563584885995363,-8.664745375141326,SAC
3.1823220252990723,0.021023035049438477,57.83,-37.09,0.5554818364580028,7.989900274058971,-4.002789530623573,SAC
3.2026150226593018,0.020292997360229492,45.87,-30.060000000000002,-1.6128895093206719,7.601171314461567,-0.5081265222047398,SAC
3.223954677581787,0.02133965492248535,30.93,-23.379999999999995,-3.734139225054994,7.173625705221039,-2.8804838248353173,SAC
3.2452704906463623,0.021315813064575195,15.99,-19.52000000000001,-5.433872432704918,6.371010715667537,0.3396371313735118,SAC
3.2654073238372803,0.02013683319091797,2.2800000000000002,-18.460000000000008,-6.723684554194672,5.280556333621748,2.754727848530134,SAC
3.2863032817840576,0.020895957946777344,-10.37,-20.569999999999993,-7.492123320102664,3.871970705005228,4.566045886397601,SAC
3.307168960571289,0.020865678787231445,-20.21,-27.25,-7.639850695011599,1.9800668465195408,5.924534414798201,SAC
3.327666759490967,0.020497798919677734,-26.54,-38.68000000000001,-7.189843532269932,-0.36241047517919567,6.943381737612322,SAC
3.348888635635376,0.02122187614440918,-30.23,-55.019999999999996,-6.358820686401957,-2.9775964999198896,7.707281195329603,SAC
3.370075225830078,0.02118659019470215,-32.51,-74.89,-5.462704603667137,-5.655817043716832,8.280459942822887,SAC
3.391519069671631,0.021443843841552734,-34.62,-97.92,-4.713632395811762,-8.273508828140073,8.710340665582741,SAC
3.411876916885376,0.020357847213745117,-37.61,-123.05,-4.283586300647933,-10.927722798258838,9.03213370353276,SAC
3.4321916103363037,0.020314693450927734,-43.06,-151.88,-4.36333844345041,-13.69601546549356,9.27410027764957,SAC
3.4526267051696777,0.020435094833374023,-49.74,177.72000000000003,-4.631727304620943,-16.149644575353324,9.455575208237178,SAC
3.4736595153808594,0.02103281021118164,-49.39,153.64,-3.647294956394052,-16.916093506708577,9.591681406177884,SAC
3.4937491416931152,0.02008962631225586,-42.01,138.34000000000003,-1.6355293975848877,-16.191315250246856,9.693761054633413,SAC
3.5149192810058594,0.02117013931274414,-29.53,126.57,0.749353121292883,-14.89375981600491,9.770319360463585,SAC
3.53631854057312,0.021399259567260742,-13.88,117.77999999999997,3.1523187489483897,-13.348837287585066,6.382949276245211,SAC
3.5573670864105225,0.021048545837402344,4.39,111.26999999999998,5.551723730258825,-11.758678228506025,2.7029412414704073,SAC
3.5780229568481445,0.02065587043762207,24.25,106.18,7.797542458342187,-10.267107340274496,-0.46954633101267307,SAC
3.598789691925049,0.020766735076904297,45.0,102.13,9.725879489310524,-8.894446082661956,-2.852159748259505,SAC
3.6198668479919434,0.02107715606689453,66.09,99.67000000000002,11.27348922227416,-7.52296571638235,-4.639119811194629,SAC
3.6415534019470215,0.021686553955078125,86.66,98.79000000000002,12.329729831931505,-6.160016998950251,-5.979339858395972,SAC
3.662672996520996,0.02111959457397461,105.46,99.85000000000002,12.97105846994764,-4.752816201252407,-6.984504893796979,SAC
3.6829168796539307,0.02024388313293457,121.64,102.65999999999997,13.166768759979627,-3.3177238648894214,-7.738378670347734,SAC
3.7040770053863525,0.021160125732421875,136.23,107.06,12.940239438859404,-1.928337591167661,-8.3037840027608,SAC
3.7249503135681152,0.020873308181762695,135.35,110.39999999999998,10.205028511249216,-0.9841194444569202,-8.7278380020706,SAC
3.7464122772216797,0.021461963653564453,128.84,112.14999999999998,7.1052107064454635,-0.502668646276852,-9.04587850155295,SAC
3.7678589820861816,0.021446704864501953,119.17,116.01999999999998,4.11028260240224,0.2277449874106282,-9.284402677281657,SAC
3.7892940044403076,0.021435022354125977,106.69,120.76999999999998,1.255878393635244,0.9557257591080806,-4.989372125911682,SAC
3.810549020767212,0.021255016326904297,91.23,124.99000000000001,-1.534254660690515,1.4576207188664514,-1.2442616460084688,SAC
3.8311281204223633,0.020579099655151367,73.65,127.97000000000003,-4.209350340816349,1.671568753963843,-3.433196234506352,SAC
3.851829767227173,0.02070164680480957,54.66,129.56,-6.56952528944586,1.6053567186371327,-5.031750565619754,SAC
3.8730502128601074,0.02122044563293457,34.27,129.73000000000002,-8.609674530296973,1.3122495353209813,-1.2738129242148157,SAC
3.8946499824523926,0.021599769592285156,11.95,127.44999999999999,-10.494791888205002,0.6813373002170964,1.5446403068388883,SAC
3.9150197505950928,0.020369768142700195,-9.14,123.39999999999998,-12.009914305857828,-0.14895705508189483,3.6584802301291663,SAC
3.935966730117798,0.020946979522705078,-30.23,118.65999999999997,-13.122423248591643,-0.9090514264510793,5.243860172596875,SAC
3.9568324089050293,0.020865678787231445,-49.57,114.44,-13.73336343961477,-1.4332128489131297,6.432895129447656,SAC
3.9771430492401123,0.020310640335083008,-66.26,111.63,-13.855093198410275,-1.6295068204893342,7.324671347085742,SAC
3.9975759983062744,0.02043294906616211,-80.68,110.92000000000002,-13.547512189024769,-1.4248981552479516,7.993503510314307,SAC
4.018335580825806,0.02075958251953125,-92.81,113.02999999999997,-12.877631097821851,-0.7851286609394795,8.49512763273573,SAC
4.039534568786621,0.02119898796081543,-101.95,118.48000000000002,-11.80711156939903,0.2693025927715521,8.871345724551798,SAC
4.060456991195679,0.020922422409057617,-107.22,127.97000000000003,-10.324926370436492,1.7987362337172224,9.151803646898955,SAC
4.081119775772095,0.020662784576416016,-107.75,142.56,-8.349476415283196,3.903744276119231,9.360735173833884,SAC
4.101924657821655,0.020804882049560547,-100.37,165.41999999999996,-5.4413592717002945,6.958463135208434,9.519021686771897,SAC
4.122984170913696,0.021059513092041016,-83.14,-161.9,-1.4971787474463665,10.983549111346392,4.63972069089069,SAC
4.14409065246582,0.021106481552124023,-66.97,-129.2,1.4765041459879606,14.19487154677676,0.9797905181680173,SAC
4.165276050567627,0.02118539810180664,-56.42,-101.08,2.9194971661724036,15.98915060657997,-1.765157111373987,SAC
4.186253309249878,0.020977258682250977,-49.92,-77.0,3.417210951309676,16.79828145424733,-3.8238678335304903,SAC
4.206349849700928,0.020096540451049805,-46.05,-56.25,3.40596646807798,17.04278599566594,-5.367457655009318,SAC
4.227112054824829,0.020762205123901367,-44.82,-35.860000000000014,2.931567680839907,17.06231008518127,-2.024117907089508,SAC
4.248504877090454,0.021392822265625,-47.28,-13.189999999999998,1.943856899689895,17.348903167227384,-0.38820824042150104,SAC
4.269708156585693,0.021203279495239258,-53.43,12.120000000000005,0.5426218674027443,18.045863190848177,2.2088113947571166,SAC
4.291209936141968,0.021501779556274414,-58.18,37.08000000000001,-0.3370306748208312,18.488766150957687,4.156607592393521,SAC
4.31154727935791,0.020337343215942383,-59.23,59.94,-0.4498443153834362,18.71465489080619,5.617418024159643,SAC
4.331927061080933,0.02037978172302246,-56.77,83.49000000000001,0.06147449326757193,19.00537887942354,6.591342250419537,SAC
4.3531434535980225,0.021216392517089844,-49.21,110.74000000000001,1.2929998279028971,19.68764984389873,2.444388121301591,SAC
4.373342990875244,0.02019953727722168,-34.45,141.14999999999998,3.585058266610237,21.005236546825998,-0.6667084321866485,SAC
4.3940722942352295,0.02072930335998535,-6.15,-178.76999999999998,7.633553391174856,23.553359260701008,-3.0000313241399863,SAC
4.414119720458984,0.020047426223754883,19.86,-142.56,10.63570475614633,25.14757378243644,-4.75002349310499,SAC
4.435516357421875,0.021396636962890625,35.85,-110.75,11.117180737362235,25.307559002251892,-6.062517619828743,SAC
4.457011461257935,0.02149510383605957,43.94,-84.38,10.207505505521867,24.528355649912513,-7.046888214871557,SAC
4.478147029876709,0.021135568618774414,46.58,-61.35000000000002,8.602015311753302,23.426219063848055,-7.7851661611536676,SAC
4.4997522830963135,0.021605253219604492,44.47,-37.97000000000003,6.540709536134147,22.518371192413717,-8.338874620865251,SAC
4.520896673202515,0.021144390106201172,34.98,-11.25,3.6658944339620003,22.425814737802305,-4.219185682140638,SAC
4.542299032211304,0.021402359008789062,17.75,22.139999999999986,0.12255588210529966,23.386457432522572,-0.6643892616054785,SAC
4.563552618026733,0.021253585815429688,3.69,54.84000000000003,-2.211149563569393,24.079767126999133,2.001708053795891,SAC
4.584084987640381,0.02053236961364746,-3.16,86.13,-2.933471585300974,24.58335093208082,4.001281040346918,SAC
4.60436487197876,0.020279884338378906,-3.69,119.88,-2.438003084731894,25.475871890146028,5.500960780260189,SAC
4.62504243850708,0.020677566528320312,5.97,162.24,-0.3196611954821553,27.531649923583736,1.6864295848289306,SAC
4.645576238632202,0.02053380012512207,26.54,-147.49,3.2410833720443906,30.57100568267748,-1.235177811378302,SAC
4.666979551315308,0.02140331268310547,32.34,-114.78999999999996,3.5387865943772496,29.789835688116955,-3.4263833585337267,SAC
4.687537431716919,0.020557880401611328,32.87,-82.45000000000005,2.921021481457476,29.323091079939978,-5.069787518900295,SAC
4.708562135696411,0.021024703979492188,28.3,-54.319999999999936,1.578075973932364,28.128798962858273,-5.75621951872234,SAC
4.729267597198486,0.020705461502075195,15.99,-24.25999999999999,-0.8128373821529395,27.57074532208538,-1.8171646390417555,SAC
4.750246286392212,0.020978689193725586,-5.44,12.299999999999955,-4.2160223247462225,28.13983976861149,1.1371265207186834,SAC
4.771402359008789,0.02115607261657715,-24.08,47.460000000000036,-6.448335499274414,28.313116461027978,3.3528448905390125,SAC
4.792198181152344,0.020795822143554688,-33.57,79.62,-6.751601295949391,28.04867251048732,5.01463366790426,SAC
4.812824249267578,0.020626068115234375,-35.68,113.73000000000002,-5.758367486889875,28.211553560023326,6.260975250928195,SAC
4.833422660827637,0.020598411560058594,-27.42,155.38999999999987,-3.2069336653296845,29.629050972162837,7.195731438196146,SAC
4.854484796524048,0.021062135696411133,-4.39,-151.8800000000001,1.251248596242736,32.44226067430635,2.8967985786471093,SAC
4.875672817230225,0.021188020706176758,11.07,-112.68000000000006,3.5479843278783547,32.41188290391205,-0.327401066014668,SAC
4.896092414855957,0.020419597625732422,7.55,-89.65000000000009,2.236655823939935,29.866403945713195,-2.745550799511001,SAC
4.916564226150513,0.020471811294555664,8.26,-61.180000000000064,1.9103871045883736,28.7475567080847,-4.547883278237377,SAC
4.937564134597778,0.020999908447265625,2.63,-32.0,0.5924766810265819,27.848419614630355,-0.9109124586780326,SAC
4.958617448806763,0.021053314208984375,-9.84,1.400000000000091,-1.5935559138096362,27.816485847139113,1.8168156559914754,SAC
4.9791505336761475,0.020533084869384766,-22.67,34.09999999999991,-3.4559660233942884,27.812242945812052,3.8626117419936064,SAC
4.9995903968811035,0.020439863204956055,-29.0,63.450000000000045,-3.845791224205083,27.26209928573676,5.3969588064952045,SAC
5.020229816436768,0.020639419555664062,-29.17,93.32999999999993,-3.105384366682768,26.863158564370504,6.547719104871403,SAC
5.041043043136597,0.0208132266998291,-21.97,127.07999999999993,-1.2767704981851171,27.150856516314043,7.410745459634997,SAC
5.061260938644409,0.0202178955078125,-2.1,168.92000000000007,2.409177277606436,28.94444160008224,3.0580590947262483,SAC
5.082636594772339,0.021375656127929688,30.23,-140.98000000000002,7.206851782319692,31.336915760973625,-0.2064556789553138,SAC
5.102954864501953,0.020318269729614258,43.41,-108.6400000000001,8.029792299508278,30.62551240042704,-2.6548417592164855,SAC
5.123291730880737,0.02033686637878418,48.33,-87.36999999999989,7.268312016320243,28.151233257475553,-4.491131319412364,SAC
5.144258260726929,0.020966529846191406,53.96,-66.79999999999995,6.751972456732496,25.94562797266276,-5.868348489559273,SAC
5.165595293045044,0.021337032318115234,55.01,-42.01999999999998,5.573354029392626,24.810417488686667,-6.901261367169455,SAC
5.1861584186553955,0.020563125610351562,50.97,-16.0,3.7728798771096494,24.26531494972256,-7.675773171907243,SAC
5.207171678543091,0.021013259887695312,40.25,15.460000000000036,1.2375302681464402,24.63829100000274,-3.256829878930432,SAC
5.2279558181762695,0.02078413963317871,29.88,47.09999999999991,-0.7515984518633992,25.024513336576966,0.05737759080217586,SAC
5.248171329498291,0.020215511322021484,24.25,77.86999999999989,-1.5734237181235042,25.332736835441104,2.543033193101632,SAC
5.268413305282593,0.020241975784301758,23.9,110.74000000000001,-1.319095260338426,25.934506941348292,4.407274894826224,SAC
5.28974986076355,0.02133655548095703,33.04,152.04999999999995,0.4400269466799891,27.505917733714803,0.8061609364394924,SAC
5.310270071029663,0.02052021026611328,55.01,-158.3800000000001,4.089301357993743,30.43700363249792,-1.8953792976703807,SAC
5.331377029418945,0.021106958389282227,66.26,-120.42000000000007,5.131960610127653,30.627409227855388,-3.9215344732527857,SAC
5.351648807525635,0.020271778106689453,66.79,-96.8599999999999,4.1968307837615,28.558794713859687,-5.44115085493959,SAC
5.373091459274292,0.021442651748657227,64.51,-68.21000000000004,2.9863024460260332,27.510981597915688,-6.580863141204692,SAC
5.39410400390625,0.021012544631958008,56.25,-41.67000000000007,1.0168692976801323,26.417679028162325,-7.3533838862074745,SAC
5.4145872592926025,0.02048325538635254,40.42,-13.539999999999964,-1.884177518419079,25.927923403712597,-3.015037914655606,SAC
5.435831785202026,0.021244525909423828,16.34,20.910000000000082,-5.463893322795333,26.402770307798548,0.23872156400829558,SAC
5.4571216106414795,0.021289825439453125,-2.98,54.66000000000008,-7.538802551631846,26.6558325196395,2.6790411730062216,SAC
5.47794508934021,0.02082347869873047,-13.71,87.36000000000013,-7.829721613037255,26.806196490607146,4.509280879754666,SAC
5.498083114624023,0.020138025283813477,-17.22,121.98999999999978,-6.872189047606822,27.447606523266334,5.8819606598159995,SAC
5.518595218658447,0.020512104034423828,-10.01,165.92999999999984,-4.270785551312352,29.435598710542376,6.911470494862,SAC
5.538862705230713,0.020267486572265625,6.5,-143.78999999999996,-0.5731198641296595,32.20817680293114,2.6836028711464994,SAC
5.559129953384399,0.020267248153686523,10.01,-111.44999999999982,0.14603666566166223,31.33650807831665,-0.4872966545472299,SAC
5.580087900161743,0.02095794677734375,9.49,-75.59000000000015,0.030220542013822987,31.04188190089571,-1.9001724077500222,SAC
5.600515127182007,0.020427227020263672,2.1,-43.070000000000164,-1.238646284268699,30.390609009951984,1.0748706941874833,SAC
5.6216881275177,0.02117300033569336,-13.18,-6.860000000000127,-3.510033878843472,30.282200636641335,3.3061530206406124,SAC
5.642091751098633,0.020403623580932617,-30.58,29.5300000000002,-5.784824715934212,30.451373447931218,4.979614765480459,SAC
5.663371324539185,0.021279573440551758,-39.72,61.690000000000055,-6.127167022283528,29.63656059041091,6.234711074110344,SAC
5.684234857559204,0.02086353302001953,-40.95,92.98000000000002,-5.107523785570045,28.944349568820904,7.1760333055827585,SAC
5.7044758796691895,0.02024102210998535,-34.62,126.55999999999995,-2.9943810563129274,28.946507001749527,7.882024979187069,SAC
5.725273847579956,0.0207979679107666,-13.88,170.8499999999999,1.0854245266719293,30.590684958852822,3.4115187343903015,SAC
5.746099233627319,0.02082538604736328,18.45,-139.4000000000001,6.287350302690158,32.81142150241454,0.05863905079272591,SAC
5.7672624588012695,0.021163225173950195,33.39,-105.4699999999998,7.494081119898422,31.845545219463926,-2.4560207119054556,SAC
5.788686275482178,0.021423816680908203,34.1,-77.0,6.110947716339832,30.1151543409071,-4.342015533929091,SAC
5.8099822998046875,0.021296024322509766,37.96,-62.57999999999993,5.521455695451869,26.455724061513166,-5.756511650446818,SAC
5.8308327198028564,0.020850419998168945,41.66,-45.5300000000002,5.036597472623722,24.018993093067504,-6.817383737835113,SAC
5.851770877838135,0.02093815803527832,38.14,-20.75,3.4424489975679426,23.346337127169676,-7.550568797791618,SAC
5.871975660324097,0.020204782485961914,28.82,8.429999999999836,1.1437989659519867,23.7183224455927,-3.162926598343713,SAC
5.892325401306152,0.020349740982055664,17.75,39.90000000000009,-0.9838346101149831,24.372811339231724,0.1278050512422153,SAC
5.913848876953125,0.021523475646972656,10.89,71.71000000000004,-1.8996165036328567,24.657167121291362,2.5958537884316613,SAC
5.9344000816345215,0.020551204681396484,9.84,103.71000000000004,-1.6980375620817807,25.16099035761961,4.446890341323746,SAC
5.955374717712402,0.02097463607788086,16.69,142.19999999999982,-0.2184335956846064,26.53440739758787,3.0822433137015497,SAC
5.97678542137146,0.021410703659057617,38.49,-167.69999999999982,3.3793799096946175,29.395496192874912,-0.18831751472383784,SAC
5.9982428550720215,0.021457433700561523,38.49,-167.69999999999982,2.703503927755694,23.516396954299932,-2.6412381360428783,SAC
6.051155090332031,0.052912235260009766,57.3,-58.190000000000055,3.4037124732388255,26.037571622002552,-4.480928602032159,SAC
6.072063207626343,0.020908117294311523,50.8,-32.34999999999991,1.6377799561446413,25.144105017604446,-5.860562460282664,SAC
6.093176364898682,0.021113157272338867,37.26,-2.1100000000001273,-0.9283571972645221,25.11489216359093,-1.895421845211998,SAC
6.114079236984253,0.02090287208557129,20.74,30.230000000000018,-3.501430022706094,25.492506317233993,1.0784336160910015,SAC
6.1344664096832275,0.02038717269897461,9.66,60.289999999999964,-4.698243571657136,25.54082929367684,3.308825212068251,SAC
6.155590534210205,0.02112412452697754,4.57,91.75,-4.5996925209288335,25.631274927466883,4.981618909051188,SAC
6.176754713058472,0.0211641788482666,6.5,126.90999999999985,-3.361434512783201,26.304042615149072,6.236214181788391,SAC
6.198039770126343,0.021285057067871094,21.26,171.90999999999985,-0.268570613200648,28.42304200988119,2.177279845630844,SAC
6.218424081802368,0.02038431167602539,43.06,-140.0999999999999,3.5182278831665577,30.95635650217849,-0.867040115776867,SAC
6.239799499511719,0.021375417709350586,48.51,-110.40000000000009,3.7045807666997654,29.61516855347591,-3.1502800868326504,SAC
6.260377883911133,0.020578384399414062,50.8,-79.11000000000013,3.3521114330412263,28.999777195545555,-4.862710065124488,SAC
6.281245470046997,0.020867586135864258,47.63,-52.559999999999945,2.1514223783650444,27.64101503473419,-6.147032310424787,SAC
6.302464246749878,0.02121877670288086,37.44,-21.800000000000182,0.04480138934274569,27.173078087711175,-2.110274709655748,SAC
6.32375168800354,0.02128744125366211,18.45,14.579999999999927,-3.0780890316960665,27.703958974041214,0.917293967758189,SAC
6.34508490562439,0.02133321762084961,2.81,49.210000000000036,-5.021574121725675,27.829518413328405,3.187970475818642,SAC
6.365614414215088,0.020529508590698242,-4.39,80.5,-5.2414844714846,27.583893299789942,4.890977856863982,SAC
6.386908769607544,0.021294355392456055,-4.57,115.82999999999993,-4.222693919086179,27.858553858020702,6.168233392647986,SAC
6.407283544540405,0.020374774932861328,5.44,157.13999999999987,-1.6632163572915089,29.364177843484267,7.114464400717679,SAC
6.4276063442230225,0.020322799682617188,29.53,-152.23000000000002,2.807142419625025,32.18758702536237,2.8358483005382595,SAC
6.448996305465698,0.02138996124267578,47.1,-113.0300000000002,5.112987476744012,32.147173934969686,-0.37311377459630535,SAC
6.470000267028809,0.02100396156311035,43.41,-85.26000000000022,3.4771471014262954,30.332848843568357,-2.779835330947229,SAC
6.491040229797363,0.021039962768554688,44.82,-62.76000000000022,3.0156453047193414,27.999166685146783,-4.584876498210422,SAC
6.5113911628723145,0.020350933074951172,42.18,-38.15000000000009,1.9596948219472679,26.620520920538716,-5.938523620834941,SAC
6.531898736953735,0.0205075740814209,33.57,-8.9699999999998,0.10222075330720037,26.263236056063185,-1.9538927156262051,SAC
6.553068161010742,0.021169424057006836,19.33,24.960000000000036,-2.2662786379192776,26.605358108359773,1.0345804632803461,SAC
6.574239492416382,0.02117133140563965,9.66,56.76999999999998,-3.407380255503554,26.52901318263386,3.2759353474602597,SAC
6.594881057739258,0.020641565322875977,6.32,87.17999999999984,-3.290725680921452,26.36579171405044,4.956951510595195,SAC
6.615534543991089,0.020653486251831055,9.49,121.11000000000013,-2.096816881270272,26.82716368714941,6.217713632946396,SAC
6.635858774185181,0.020324230194091797,23.9,162.23999999999978,0.797444120237937,28.52575172187099,2.1632854631283758,SAC
6.656900405883789,0.0210416316986084,50.8,-147.1300000000001,5.100475841282152,31.219761793779263,-0.8775359026537182,SAC
6.678348541259766,0.021448135375976562,62.57,-112.15000000000009,5.995934163888368,30.6687628003909,-3.1581519269902887,SAC
6.699144124984741,0.020795583724975586,65.03,-91.94000000000005,5.209672499905021,27.927375143293762,-4.868613945242716,SAC
6.72003698348999,0.020892858505249023,65.03,-65.2199999999998,4.167737999924017,26.806123868562462,-6.151460458932037,SAC
6.740110397338867,0.020073413848876953,61.69,-40.789999999999964,2.7533823973196503,25.693144455327772,-7.1135953441990285,SAC
6.761114597320557,0.021004199981689453,51.15,-13.1899999999996,0.45107811655342167,25.141320812454254,-2.835227025727397,SAC
6.782139539718628,0.02102494239807129,33.39,20.029999999999745,-2.587735122726263,25.62839520866207,0.3735797307044524,SAC
6.802855014801025,0.02071547508239746,19.51,51.850000000000364,-4.409035739504585,25.864541235151385,2.780184798028339,SAC
6.823703050613403,0.02084803581237793,12.3,83.14000000000033,-4.73442374611389,25.93062555186935,4.5851385985212545,SAC
6.844755172729492,0.021052122116088867,11.6,117.23999999999978,-3.9036062009153887,26.398631380392267,5.938853948890941,SAC
6.8647706508636475,0.020015478134155273,20.74,156.78999999999996,-1.5288876296361873,28.016344321474865,6.751530445799065,SAC
6.886087656021118,0.021317005157470703,43.94,-151.0,2.575888709412586,30.962460286191774,2.5636478343492985,SAC
6.906568765640259,0.020481109619140625,55.19,-114.78999999999996,3.9780830679739188,30.9413498962487,-0.5772641242380261,SAC
6.927103281021118,0.020534515380859375,55.54,-89.82999999999993,3.241962890196405,28.996025739853373,-2.9329480931785197,SAC
6.9476892948150635,0.020586013793945312,55.37,-59.77000000000044,2.5647443358599253,28.29393145949315,-4.6997110698838895,SAC
6.968169450759888,0.02048015594482422,49.57,-31.11999999999989,1.0632375994178695,27.518280159764885,-5.9502109776601095,SAC
6.989240407943726,0.02107095718383789,36.03,2.100000000000364,-1.3924744253975962,27.517918282452825,-1.9626582332450822,SAC
7.009878396987915,0.020637989044189453,20.74,37.07999999999993,-3.7000923835659196,27.930765447205452,1.0280063250661884,SAC
7.0302958488464355,0.020417451858520508,12.12,68.72999999999956,-4.433787498190307,27.75563731899796,3.271004743799641,SAC
7.051444053649902,0.021148204803466797,9.66,102.82999999999993,-3.953070132909392,27.83295236803529,4.953253557849731,SAC
7.07181715965271,0.020373106002807617,15.82,140.97000000000025,-2.107022713814517,28.801139425344793,6.214934923178558,SAC
7.093015432357788,0.021198272705078125,37.61,-168.05000000000018,1.902478362100923,31.4356412906253,2.1612011923839187,SAC
7.113978147506714,0.02096271514892578,58.53,-123.93000000000029,5.005528374705458,32.495264257322916,-0.879099105712061,SAC
7.134159564971924,0.02018141746520996,58.35,-94.93000000000029,3.9732891814274556,31.01216713791612,-3.1593243292840456,SAC
7.154651880264282,0.0204923152923584,58.71,-76.47000000000025,3.239953701523263,27.954207873662774,-4.869493246963034,SAC
7.175796985626221,0.021145105361938477,55.54,-50.279999999999745,2.0686556866395054,26.686841857676917,-6.1521199352222755,SAC
7.197420835494995,0.021623849868774414,47.1,-22.68000000000029,0.2924864102914482,25.804839912321107,-2.114711747071004,SAC
7.218026638031006,0.020605802536010742,31.46,8.430000000000291,-2.41545385788564,25.913959608767204,0.913966189696747,SAC
7.238296270370483,0.02026963233947754,16.87,39.02000000000044,-4.444925066725136,25.99910949516626,3.18547464227256,SAC
7.259912014007568,0.02161574363708496,8.08,69.43000000000029,-4.975409527352744,25.710102920764133,4.88910598170442,SAC
7.2803990840911865,0.020487070083618164,5.97,99.3100000000004,-4.33983678611869,25.659141022576485,6.166829486278315,SAC
7.30067777633667,0.0202786922454834,10.72,133.0600000000004,-2.6542315016938494,26.336845458700605,7.125121637871578,SAC
7.320897579193115,0.020219802856445312,29.17,177.1800000000003,1.061742262835879,28.68616057943229,2.843841228403683,SAC
7.341451168060303,0.0205535888671875,53.08,-136.40999999999985,4.910078558303633,30.830834743608584,-0.3671190786972378,SAC
7.361999034881592,0.020547866821289062,59.76,-106.69999999999982,5.062856984129019,29.71178363690969,-2.7753393090229284,SAC
7.38309907913208,0.02110004425048828,63.63,-78.93000000000029,4.690514027114355,28.363520907862387,-4.581504481767196,SAC
7.403289794921875,0.020190715789794922,63.45,-54.31999999999971,3.7212920411106998,26.945500249029717,-5.936128361325396,SAC
7.424229145050049,0.020939350128173828,57.48,-26.199999999999818,1.9818150066536795,26.244096643063756,-6.951635169462065,SAC
7.444482803344727,0.020253658294677734,44.29,6.149999999999636,-0.687805743856585,26.57070477358342,-2.713726377096549,SAC
7.465771675109863,0.02128887176513672,29.35,41.13000000000011,-2.9999017974455,26.992106585838766,0.4647052171775883,SAC
7.486425399780273,0.020653724670410156,20.91,73.47000000000025,-3.826354599228866,27.05942560463686,2.848528912883191,SAC
7.507617473602295,0.021192073822021484,18.98,108.63000000000011,-3.3789841816783177,27.43892994521211,4.636396684662394,SAC
7.5286736488342285,0.021056175231933594,26.54,149.9399999999996,-1.4499028338169153,28.79944860843525,5.970595090401092,SAC
7.549215793609619,0.020542144775390625,48.16,-159.09000000000015,2.5138925989893295,31.70072187112404,1.9779463178008196,SAC
7.569514036178589,0.020298242568969727,63.45,-119.71000000000004,4.640512577344086,32.13269736983909,-1.0165402616493853,SAC
7.590014696121216,0.020500659942626953,60.99,-96.68000000000029,3.2935445256513747,29.62748850531685,-3.262405196237039,SAC
7.610060691833496,0.020045995712280273,61.34,-68.90999999999985,2.695781980778356,28.53764915952208,-4.946803897177779,SAC
7.631360054016113,0.021299362182617188,55.37,-40.960000000000036,1.1782286218338371,27.410721523588876,-6.209883100953403,SAC
7.652345418930054,0.02098536491394043,42.89,-10.899999999999636,-1.1333122946551106,26.928690157588537,-2.157412325715052,SAC
7.673367023468018,0.021021604537963867,23.9,23.899999999999636,-4.059958369857763,27.32152700694758,0.8819407557137109,SAC
7.694355249404907,0.02098822593688965,10.37,56.600000000000364,-5.498209746488971,27.295724765551554,3.1614555667852833,SAC
7.714463949203491,0.020108699798583984,4.21,87.18000000000029,-5.467878921229356,27.14494574963076,4.871091675088962,SAC
7.735806226730347,0.02134227752685547,4.74,123.22000000000025,-4.287618433123456,27.61051646218648,6.153318756316722,SAC
7.7571446895599365,0.021338462829589844,17.92,168.75,-1.2740407022133815,29.53645115429494,3.170673156898186,SAC
7.77850341796875,0.021358728408813477,41.13,-139.9300000000003,2.773979390123649,32.01639217596576,-0.12199513232636061,SAC
7.79976224899292,0.021258831024169922,46.58,-107.0600000000004,3.1140628601265226,31.01030349667486,-2.5914963492447702,SAC
7.819984436035156,0.020222187042236328,47.63,-81.73999999999978,2.672496333424256,29.178861718844082,-4.4436222619335775,SAC
7.841362714767456,0.021378278732299805,44.82,-53.4399999999996,1.6791785379404334,27.963930786111195,-5.832711451241443,SAC
7.861831903457642,0.020469188690185547,35.85,-24.970000000000255,-0.1863321975490364,27.22620015222802,-1.8745340652682403,SAC
7.882688045501709,0.020856142044067383,18.63,9.489999999999782,-3.031149094050215,27.54847416120975,1.0940994510488198,SAC
7.90374755859375,0.021059513092041016,2.98,43.23999999999978,-5.018939628354047,27.632912678334783,3.3205745882866147,SAC
7.924322843551636,0.020575284957885742,-4.74,73.64999999999964,-5.324872744503575,27.265477407144033,4.990430941214961,SAC
7.945472240447998,0.021149396896362305,-5.97,106.86999999999989,-4.462906819486813,27.295265247198934,6.242823205911221,SAC
7.966298818588257,0.02082657814025879,1.75,145.3699999999999,-2.2764074883982452,28.28904143828524,7.182110728713201,SAC
7.987166404724121,0.020867586135864258,25.48,-164.53999999999996,2.1483473235565347,31.010117192433576,2.8865830465349003,SAC
8.007889032363892,0.020722627639770508,47.98,-122.17000000000007,5.508728894120916,31.945180970152663,-0.3350627150988248,SAC
8.028066158294678,0.020177125930786133,47.98,-93.86999999999989,4.4069831152967325,30.452066821796294,-2.7512970363241185,SAC
8.04897427558899,0.020908117294311523,50.27,-73.3100000000004,3.9079072847608174,27.794192974590544,-4.5634727772430885,SAC
8.069282293319702,0.02030801773071289,49.39,-48.17000000000007,2.9750663831773636,26.556561695616388,-5.922604582932316,SAC
8.090495586395264,0.021213293075561523,43.41,-20.220000000000255,1.3960409694588494,25.844436518946427,-1.999569194187763,SAC
8.111697435379028,0.02120184898376465,30.23,12.829999999999927,-1.0531137756889142,26.11687952767695,1.0003231043591778,SAC
8.132754802703857,0.0210573673248291,18.98,44.81999999999971,-2.7073921529718303,26.196453597798254,3.2502423282693833,SAC
8.153412103652954,0.02065730094909668,14.06,74.0,-2.9972924141990207,25.88798203013968,4.9376817462020375,SAC
8.174663066864014,0.02125096321105957,14.94,105.98999999999978,-2.2532861547242558,25.965025822466725,6.203261309651528,SAC
8.195554494857788,0.020891427993774414,24.6,143.07999999999993,-0.1885812311765418,26.969228620565552,2.1686589224547106,SAC
8.2164146900177,0.02086019515991211,49.92,-168.39999999999964,4.086078756162539,29.694518375060536,-0.8735058081589671,SAC
8.237000942230225,0.020586252212524414,70.66,-127.61999999999989,6.785591383914904,30.67037763616233,-3.1551293561192253,SAC
8.258354425430298,0.021353483200073242,74.53,-105.11999999999989,6.061102841768838,28.214381961470053,-4.866347017089419,SAC
8.278820991516113,0.02046656608581543,77.87,-79.46000000000004,5.41853325220835,26.947925963138772,-6.149760262817065,SAC
8.30013370513916,0.021312713623046875,76.28,-56.25,4.074411756453871,25.359742380391726,-7.1123201971127985,SAC
8.320879936218262,0.020746231079101562,70.31,-32.350000000000364,2.2550466540862324,24.30909000996442,-7.834237763648808,SAC
8.34210205078125,0.02122211456298828,55.89,-3.869999999999891,-0.5677949217280345,24.131722932903315,-3.375678322736606,SAC
8.363327026367188,0.0212249755859375,36.03,29.529999999999745,-3.7204106195877316,24.7983408028008,-0.03175874205245455,SAC
8.384686708450317,0.021359682083129883,21.26,62.399999999999636,-5.390082871941208,25.21037923317011,2.476180943460659,SAC
8.40597128868103,0.02128458023071289,13.71,95.4399999999996,-5.550261809019328,25.586843743999474,4.357135707595495,SAC
8.427096605300903,0.021125316619873047,13.53,132.52999999999975,-4.469951890466083,26.598070662785737,5.7678517806966205,SAC
8.44866943359375,0.02157282829284668,27.42,-178.0699999999997,-1.3284469091773432,29.271777005236515,1.857586347195439,SAC
8.469947338104248,0.021277904510498047,41.66,-131.3100000000004,1.2733266990101217,31.088439751957317,-1.1068102396034207,SAC
8.491270542144775,0.021323204040527344,43.59,-97.39000000000033,1.334606885025592,30.423535343394562,-3.3301076797025653,SAC
8.512163162231445,0.020892620086669922,39.9,-66.44999999999982,0.45117451867183245,29.50816432090732,-4.996365301860664,SAC
8.532509565353394,0.020346403121948242,29.88,-35.6899999999996,-1.358106154495674,28.883761782849987,-1.2472739763954985,SAC
8.552673816680908,0.02016425132751465,11.07,-0.8800000000001091,-4.342707304163322,29.133011609561652,1.564544517703376,SAC
8.573994636535645,0.021320819854736328,-10.19,36.72999999999956,-6.95486688111524,29.463942967380135,3.673408388277532,SAC
8.5945565700531,0.020561933517456055,-21.26,68.55000000000018,-7.4431715215412435,28.973017652113136,5.255056291208149,SAC
8.615755081176758,0.021198511123657227,-24.96,102.47999999999956,-6.563798706845094,28.765506646700807,6.441292218406112,SAC
8.636417388916016,0.020662307739257812,-19.33,140.80000000000018,-4.299915420833619,29.48612720558436,7.330969163804584,SAC
8.657044887542725,0.020627498626708984,1.9300000000000002,-168.9300000000003,0.1577602938253042,32.09576952245625,2.9982268728534383,SAC
8.678003787994385,0.020958900451660156,25.48,-123.39999999999964,4.0484086366763234,33.25953639442287,-0.2513298453599213,SAC
8.698771953582764,0.020768165588378906,26.54,-91.9399999999996,3.4168889139958374,31.895342951801826,-2.688497384019941,SAC
8.719821214675903,0.02104926109313965,24.96,-69.60999999999967,2.4714952622358544,29.219321420868678,-4.516373038014956,SAC
8.740640878677368,0.020819664001464844,24.08,-49.399999999999636,1.8296539880076834,26.763898389188135,-5.708072930366686,SAC
8.76102876663208,0.020387887954711914,17.22,-23.210000000000036,0.28920636990204085,25.895170537735652,-1.7810546977750148,SAC
8.782279014587402,0.021250247955322266,3.69,9.489999999999782,-1.9911317736802032,26.087581192640826,1.164208976668739,SAC
8.803268671035767,0.020989656448364258,-8.26,41.82999999999993,-3.5802351889802617,26.248328114193647,3.3731567325015543,SAC
8.823526859283447,0.020258188247680664,-14.06,70.65999999999985,-3.863577586981961,25.96631722136339,5.029867549376165,SAC
8.844991683959961,0.021464824676513672,-13.88,102.30000000000018,-3.061590061069914,25.918422385064858,6.272400662032124,SAC
8.865156173706055,0.02016448974609375,-5.97,136.9300000000003,-1.0799783491778083,26.729509187426544,7.194141004031417,SAC
8.886253118515015,0.02109694480895996,17.75,-175.78999999999996,3.060681316529143,29.20646206009294,2.8956057530235633,SAC
8.907041549682617,0.02078843116760254,44.82,-130.78999999999996,6.993963846067722,30.921277726315886,-0.32829568523232755,SAC
8.927299976348877,0.020258426666259766,51.67,-100.72999999999956,6.775470571293493,29.91655543694267,-2.746221763924246,SAC
8.9483323097229,0.021032333374023438,55.89,-81.56999999999971,6.120754233711992,27.113158615225935,-4.559666322943184,SAC
8.969282150268555,0.020949840545654297,57.3,-54.850000000000364,5.131537322619283,26.14260828264852,-5.919749742207388,SAC
8.990732908248901,0.02145075798034668,55.54,-28.659999999999854,3.818826973281342,25.175956826846672,-6.939812306655542,SAC
9.011164426803589,0.0204315185546875,46.93,0.5200000000004366,1.584071077410122,25.126073571286017,-2.704939815471393,SAC
9.032121419906616,0.020956993103027344,34.62,33.75,-0.7831329994825624,25.635745542217713,0.4712951383964552,SAC
9.053318977355957,0.02119755744934082,27.07,65.5600000000004,-1.8697851012995768,25.746834248543422,2.8534713537973415,SAC
9.074499130249023,0.021180152893066406,25.31,98.07999999999993,-1.785890149903726,25.95702335307294,4.640103515348006,SAC
9.09496021270752,0.020461082458496094,31.11,134.1199999999999,-0.4392327331798077,26.914038871807307,4.326498878271258,SAC
9.115591526031494,0.02063131332397461,50.97,-178.94999999999982,3.008772073893034,29.471423804510486,0.7448741587034435,SAC
9.137111186981201,0.02151966094970703,74.0,-132.02000000000044,6.142665053129399,31.189554684125987,-1.9413443809724173,SAC
9.157598972320557,0.02048778533935547,76.11,-105.30000000000018,5.273628655798657,29.504131665426947,-3.956008285729313,SAC
9.17837142944336,0.020772457122802734,78.39,-81.03999999999996,4.6020401405226234,27.680019743454984,-5.467006214296985,SAC
9.198564052581787,0.020192623138427734,76.64,-58.539999999999964,3.3791131013860447,26.033545936604696,-6.600254660722738,SAC
9.219393014907837,0.020828962326049805,69.43,-33.22999999999956,1.4949898744923353,25.0684578801387,-7.450122092572693,SAC
9.24000096321106,0.020607948303222656,54.31,-4.399999999999636,-1.365095492694233,24.938109526311077,-3.08759156942952,SAC
9.260932922363281,0.02093195915222168,33.92,29.350000000000364,-4.492356624913167,25.57871017073376,0.18430632292785987,SAC
9.281330585479736,0.020397663116455078,19.68,60.64000000000033,-6.030780978274157,25.817635676992335,2.638229742195895,SAC
9.302028894424438,0.02069830894470215,11.95,93.15999999999985,-6.128247716643544,26.138431674125172,4.478672306646921,SAC
9.3223876953125,0.020358800888061523,11.25,128.3199999999997,-5.02261805887818,26.93917273416753,5.8590042299851905,SAC
9.343475103378296,0.0210874080657959,23.2,175.42000000000007,-2.0399770325529483,29.347934858906132,6.719178118320192,SAC
9.3640878200531,0.020612716674804688,39.9,-136.23999999999978,1.1960782525404794,31.66448049375334,2.5393835887401437,SAC
9.385053634643555,0.0209658145904541,43.06,-105.46999999999935,1.4829800502724557,30.45456980080876,-0.5954623084448922,SAC
9.405516862869263,0.020463228225708008,42.89,-71.3700000000008,1.1573850993307895,30.180502218603575,-2.946596731333669,SAC
9.426831245422363,0.021314382553100586,36.38,-39.55999999999949,-0.1402352537683783,29.35392856906772,-0.13221641599292777,SAC
9.447296619415283,0.020465373992919922,22.32,-5.280000000000655,-2.51031972912605,29.33008088619971,2.4008376880053044,SAC
9.468066453933716,0.020769834518432617,5.8,30.93000000000029,-4.784670705370443,29.549656980639124,4.3006282660039785,SAC
9.489152193069458,0.021085739135742188,-2.46,62.399999999999636,-5.195146027978475,28.849456313576127,5.725471199502984,SAC
9.509482383728027,0.020330190658569336,-3.86,92.97999999999956,-4.39649439619192,28.330098055920516,6.794103399627238,SAC
9.530431985855103,0.020949602127075195,2.46,128.13999999999942,-2.4641463176708056,28.522497724290314,7.59557707288327,SAC
9.55128002166748,0.02084803581237793,23.55,173.3199999999997,1.5598543478911773,30.38264132517042,3.1966828046624522,SAC
9.57192063331604,0.02064061164855957,54.31,-138.52000000000044,6.44989286693415,32.45074154375131,-0.10248789650316059,SAC
9.592368602752686,0.020447969436645508,66.97,-105.46999999999935,7.321094003709584,31.602535527328484,-2.5768659223773707,SAC
9.61286997795105,0.020501375198364258,66.97,-77.52000000000044,5.856875202967668,30.040924068739375,-4.4326494417830276,SAC
9.633677005767822,0.02080702781677246,67.32,-61.0,4.744217365386245,26.804191237163128,-5.824487081337271,SAC
9.654258728027344,0.020581722259521484,74.17,-49.93000000000029,4.957133362717778,23.32082413388012,-6.868365311002953,SAC
9.675140380859375,0.02088165283203125,70.48,-23.030000000000655,3.348871903037059,23.153368188944064,-7.6512739832522145,SAC
9.695602893829346,0.020462512969970703,58.88,6.850000000000364,0.7002770957454449,23.61986302954542,-3.238457394787794,SAC
9.71668529510498,0.021082401275634766,45.87,40.25,-1.5938719934343655,24.426000229864265,0.07115695390915455,SAC
9.737805843353271,0.021120548248291016,37.79,72.23999999999978,-2.610504250893862,24.827886685144144,2.553367715431866,SAC
9.758876085281372,0.021070241928100586,35.85,105.98999999999978,-2.4097987373631504,25.453594199595774,4.415025786573899,SAC
9.780122756958008,0.021246671676635742,42.53,145.88999999999942,-0.8303683290017461,26.918126762290655,4.45315342844666,SAC
9.80113673210144,0.021013975143432617,63.45,-163.3099999999995,2.8107535085513304,29.97295490529344,0.8398650713349949,SAC
9.822060585021973,0.020923852920532227,77.16,-122.70000000000073,4.5357976304446685,30.753198481969225,-1.8701011964987537,SAC
9.843309879302979,0.02124929428100586,78.75,-97.55999999999949,3.8898301678636087,28.732350280284976,-3.9025758973740654,SAC
9.86344313621521,0.020133256912231445,77.87,-68.90999999999985,2.9592917265129968,27.953152363814944,-5.4269319230305495,SAC
9.883571147918701,0.02012801170349121,70.83,-41.30999999999949,1.1465360451949496,27.148994401567123,-6.570197988598595,SAC
9.9046151638031,0.021044015884399414,56.6,-10.899999999999636,-1.4431604918421264,26.76342879352506,-2.427648491448947,SAC
9.925153732299805,0.0205385684967041,36.03,24.079999999999927,-4.650528878540086,27.355813378408797,0.6792636314132898,SAC
9.946571588516235,0.021417856216430664,20.39,58.0,-6.2694129947569674,27.412894765009185,3.0094477235599673,SAC
9.967411994934082,0.02084040641784668,12.83,90.52000000000044,-6.2817906481754955,27.377244834106605,4.757085792669976,SAC
9.988333940505981,0.020921945571899414,12.83,127.44000000000051,-5.025432518540397,28.061601202997267,6.067814344502482,SAC
10.00861668586731,0.020282745361328125,25.13,172.61000000000058,-1.903517211127952,30.223033569172316,6.597564096999909,SAC
10.029466390609741,0.02084970474243164,44.82,-137.46999999999935,1.7736869150454906,32.53603549640829,2.448173072749931,SAC
10.05035948753357,0.020893096923828125,48.86,-104.59000000000015,2.093921768441943,31.522166796387502,-0.6638701954375517,SAC
10.070523977279663,0.02016448974609375,49.21,-76.81999999999971,1.735725631553471,30.024975667206345,-2.9979026465781637,SAC
10.091554880142212,0.021030902862548828,45.35,-47.63999999999942,0.7479070204448333,28.86320651469881,-4.748225044397124,SAC
10.112975597381592,0.021420717239379883,34.62,-15.299999999999272,-1.1502043385114438,28.360598645161566,-1.061168783297843,SAC
10.133909225463867,0.02093362808227539,17.57,21.090000000000146,-3.7632314406370355,28.756469732670894,1.7041234125266178,SAC
10.15462875366211,0.020719528198242188,6.15,53.780000000000655,-4.934534372498741,28.512522546333308,3.7780925593949632,SAC
10.175242185592651,0.020613431930541992,1.75,85.06999999999971,-4.692719216316578,28.108636188465855,5.333569419546222,SAC
10.196455240249634,0.021213054656982422,4.39,120.40999999999985,-3.3197571056446713,28.302189848583176,6.500177064659667,SAC
10.217339992523193,0.02088475227355957,19.33,163.8199999999997,-0.15874766982174293,29.897259805095857,2.3752491467613517,SAC
10.23743462562561,0.020094633102416992,46.05,-146.61000000000058,4.514559376101276,32.52866135709278,-0.7185631399289862,SAC
10.258135795593262,0.020701169967651367,58.0,-111.45000000000073,5.626672216288304,31.951654524479224,-3.03892235494674,SAC
10.279509782791138,0.021373987197875977,58.71,-87.19000000000051,4.617290286470823,29.523306684454916,-4.7791917662100545,SAC
10.299622297286987,0.02011251449584961,60.11,-67.86000000000058,3.9368113905635944,26.973493340142106,-6.084393824657541,SAC
10.320979356765747,0.021357059478759766,57.3,-44.1299999999992,2.6901747256391877,25.457293319459588,-7.063295368493156,SAC
10.341790676116943,0.02081131935119629,48.16,-17.409999999999854,0.6190981608015278,24.84754932500372,-2.79755020450097,SAC
10.362498044967651,0.020707368850708008,31.64,13.8799999999992,-2.2895117023938987,25.152620956921037,0.4018373466242724,SAC
10.383313179016113,0.020815134048461914,17.05,45.52000000000044,-4.278324691954408,25.428064760221282,2.801378009968204,SAC
10.403655767440796,0.020342588424682617,9.14,74.17000000000007,-4.7799653328795015,25.258609184586913,4.601033507476153,SAC
10.423907995223999,0.020252227783203125,7.03,105.11000000000058,-4.187650253844543,25.539682103364765,5.950775130607115,SAC
10.444948673248291,0.021040678024291992,13.18,142.72999999999956,-2.32983227439076,26.67292159767132,6.9630651354919575,SAC
10.465978384017944,0.02102971076965332,34.62,-168.04999999999927,1.6948953610507211,29.5082171898596,2.7222988516189677,SAC
10.486202001571655,0.020223617553710938,52.55,-126.21999999999935,4.450689358509912,30.826560227306977,-0.45827586128577424,SAC
10.506306886672974,0.02010488510131836,55.01,-102.65999999999985,3.9876626031628803,28.751792044171772,-2.843706895964331,SAC
10.527090787887573,0.02078390121459961,57.65,-71.3700000000008,3.633518374043967,28.256592590436696,-4.632780171973248,SAC
10.54759168624878,0.020500898361206055,54.84,-43.95000000000073,2.4283600372302505,27.274038069564675,-5.974585128979936,SAC
10.568684101104736,0.02109241485595703,45.0,-12.840000000000146,0.31423154844642487,26.96773463597889,-1.9809526750125404,SAC
10.589675188064575,0.020991086959838867,28.47,23.3700000000008,-2.497428349663888,27.595635986867087,1.0142854937405947,SAC
10.610673666000366,0.020998477935791016,17.22,56.42000000000007,-3.868073852569048,27.570538590586338,3.260714120305446,SAC
10.631099462509155,0.020425796508789062,13.0,87.88999999999942,-3.815634331230647,27.43448421169884,4.945535590229085,SAC
10.652861833572388,0.021762371063232422,16.17,125.32999999999993,-2.5440432252427807,27.952918957980806,6.2091516926718135,SAC
10.674094915390015,0.021233081817626953,32.87,171.5599999999995,0.710198113811455,29.962416210928446,2.15686376950386,SAC
10.695313692092896,0.02121877670288086,58.88,-137.8199999999997,4.84701155407321,32.29732789570471,-0.8823521728721049,SAC
10.715604305267334,0.020290613174438477,65.91,-105.29999999999927,5.087002427785597,31.432381002313356,-3.1617641296540784,SAC
10.73688817024231,0.021283864974975586,66.44,-87.71999999999935,4.156524548122153,28.029111238852185,-4.871323097240559,SAC
10.75715970993042,0.02027153968811035,66.62,-62.05999999999949,3.356214744956582,26.84181361182791,-6.153492322930419,SAC
10.778135061264038,0.020975351333618164,60.99,-36.219999999999345,1.7480431569699157,25.77367043327049,-7.1150813336437375,SAC
10.798332929611206,0.02019786834716797,49.21,-8.969999999999345,-0.6374217573843428,25.32836620320956,-2.8363110002328034,SAC
10.819070100784302,0.020737171173095703,30.93,24.43000000000029,-3.586983784137618,25.88486741732069,0.3727667498253977,SAC
10.839111804962158,0.020041704177856445,17.75,54.30999999999949,-5.165144265072456,25.912085911423894,2.779575062369048,SAC
10.859779834747314,0.02066802978515625,10.72,85.42000000000007,-5.319424001126498,25.98388924207265,4.584681296776786,SAC
10.880638837814331,0.0208590030670166,10.19,119.8799999999992,-4.3442322703240315,26.553834360282174,5.9385109725825895,SAC
10.900969743728638,0.02033090591430664,20.03,161.1900000000005,-1.7859343071123541,28.335673366565114,6.898222981634207,SAC
10.922241926193237,0.02127218246459961,42.36,-146.95999999999913,2.235493612968874,31.176863766761187,2.673667236225656,SAC
10.942745685577393,0.020503759384155273,50.44,-112.32999999999993,3.163972909205344,30.83706858668745,-0.49474957283075804,SAC
10.963664531707764,0.020918846130371094,51.67,-83.68000000000029,2.736424349690169,29.450385389379832,-2.8710621796230686,SAC
10.984020233154297,0.020355701446533203,50.62,-55.02000000000044,2.0090822393364616,28.475013559421164,-4.653296634717302,SAC
11.005488634109497,0.021468400955200195,42.71,-23.909999999999854,0.3211379226927029,27.83834687757949,-0.9993113317813846,SAC
11.026475667953491,0.02098703384399414,27.42,11.420000000000073,-2.2861916991668525,28.146923086010702,1.7505165011639616,SAC
11.047667980194092,0.021192312240600586,14.76,45.70000000000073,-3.914225422088067,28.163914954687595,3.8128873758729713,SAC
11.068645715713501,0.02097773551940918,9.66,76.80999999999949,-3.980011418650139,27.707781557725955,5.359665531904728,SAC
11.089803457260132,0.02115774154663086,11.25,110.03000000000065,-2.9216868540136334,27.64694610889367,6.519749148928546,SAC
11.110020637512207,0.020217180252075195,21.97,147.82999999999993,-0.4864554071729075,28.644030401502533,2.4179142596151104,SAC
11.130696058273315,0.0206754207611084,49.21,-162.07999999999993,4.20980073269048,31.371984959113174,-0.6865643052886672,SAC
11.15090274810791,0.020206689834594727,68.55,-123.04999999999927,6.708780444177114,31.839929366396404,-3.0149232289665004,SAC
11.171769142150879,0.02086639404296875,71.19,-95.80999999999949,5.808659763527386,30.02881793212403,-4.761192421724875,SAC
11.192121028900146,0.020351886749267578,73.82,-80.15999999999985,5.098012861490271,26.707267670018517,-6.070894316293656,SAC
11.213372468948364,0.021251440048217773,73.12,-56.780000000000655,3.9634316831660845,25.206099577287596,-7.053170737220242,SAC
11.234319686889648,0.02094721794128418,67.67,-33.75,2.2625536763997065,24.002614370668113,-7.78987304612502,SAC
11.255189895629883,0.020870208740234375,55.01,-6.860000000000582,-0.3074124811301293,23.699593574283185,-3.342404784593765,SAC
11.27645206451416,0.021262168884277344,36.03,25.30999999999949,-3.3619196455212927,24.24109674467709,-0.006803588445324138,SAC
11.29700255393982,0.02055048942565918,21.62,55.88999999999942,-5.1371849183709255,24.587125320498775,2.494897308666007,SAC
11.317757368087769,0.02075481414794922,13.53,87.01000000000022,-5.470368516310505,24.903632580233563,4.371172981499505,SAC
11.338784456253052,0.021027088165283203,11.95,121.45999999999913,-4.6385869760407115,25.641871263607552,5.778379736124629,SAC
11.359164237976074,0.02037978172302246,20.74,162.9400000000005,-2.2053142874999274,27.618210727318356,6.830449326171841,SAC
11.380085468292236,0.02092123031616211,40.42,-146.25,1.519310689452829,30.57209862704745,2.622836994628881,SAC
11.400333642959595,0.0202481746673584,46.58,-114.09000000000015,2.2773939732023534,30.00186149253816,-0.5328722540283393,SAC
11.420552730560303,0.020219087600708008,48.69,-81.21999999999935,2.186189254072499,29.676223251866663,-2.8996541905212543,SAC
11.440822124481201,0.020269393920898438,44.82,-50.100000000000364,1.0824860682235844,29.10025540414716,-4.674732298240672,SAC
11.460953712463379,0.020131587982177734,34.45,-18.459999999999127,-0.9320873189653242,28.766330661884794,-1.0060492236805039,SAC
11.481241703033447,0.02028799057006836,16.52,18.280000000000655,-3.830623328526805,29.334380235645334,1.7454630822396222,SAC
11.502264022827148,0.021022319793701172,3.51,53.07999999999993,-5.224748700997511,29.24588246126996,3.8090973116797167,SAC
11.522468090057373,0.02020406723022461,-1.23,84.89999999999964,-4.998729185112171,28.8942502174709,5.356822983759788,SAC
